max_in_size,min_in_size,max_out_size,min_out_size,mean_in_size,mean_out_size,total_in_volume,total_out_volume,load_time,packet_count
-6,-1460,1460,3,-1041.5546558704452,359.53263157894736,-1029056,170778,10.880090951919556,1463
-19,-1460,1460,24,-1172.8004201680671,455.60663507109007,-558253,96133,12.106659889221191,687
-19,-1460,1460,24,-1139.5313725490196,397.73636363636365,-581161,87502,11.67997694015503,730
-19,-1460,1460,24,-1152.5504885993485,388.01413427561835,-707666,109808,12.371838092803955,897
-6,-1460,1460,24,-1046.482638888889,335.21627906976744,-904161,144143,7.685449123382568,1294
-6,-1460,1460,17,-983.2262334536703,376.2547619047619,-817061,158027,10.40021800994873,1251
-6,-1460,1460,24,-1073.0405616224648,361.93145161290323,-687819,89759,6.3737640380859375,889
-1,-1460,1460,6,-984.4993894993895,374.49408983451536,-806305,158411,10.09692096710205,1242
-6,-1460,1460,24,-1033.995652173913,356.99789915966386,-951276,169931,8.437835931777954,1396
-6,-1460,1460,24,-1045.0695047784536,354.7649186256781,-1202875,196185,9.166983127593994,1704
-19,-1460,1460,13,-1338.913626609442,384.380073800738,-2495735,104167,10.8350248336792,2135
-6,-1460,1460,24,-976.511574074074,338.19018404907973,-843706,165375,16.12743091583252,1353
-1,-1460,1460,24,-961.1094091903719,299.980306345733,-878454,137091,11.443086862564087,1371
-19,-1460,1460,24,-1164.3423423423424,307.86324786324786,-646210,72040,12.403459072113037,789
-6,-1460,1460,24,-1084.001572327044,369.3687707641196,-689425,111180,12.145802974700928,937
-6,-1460,1460,24,-971.0771929824562,367.2141230068337,-830271,161207,11.349790096282959,1294
-6,-1460,1460,24,-1076.7745358090185,353.720703125,-1217832,181105,12.996378898620605,1643
-6,-1460,1460,24,-973.6819221967963,351.3556034482759,-850998,163029,10.506897211074829,1338
-6,-1460,1460,24,-1159.669344042838,416.21035598705504,-866273,128609,8.12333607673645,1056
-6,-1460,1460,24,-1264.3038348082596,328.8793774319066,-3428792,169044,11.546038150787354,3226
-6,-1460,1460,24,-1040.5089408528197,345.6906906906907,-756450,115115,6.519197940826416,1060
-3,-1460,1460,24,-1335.03007518797,450.8673469387755,-2130708,88370,8.399231910705566,1792
-6,-1460,1460,24,-1245.8828361435365,365.9961315280464,-2881727,189220,11.000929117202759,2830
-6,-1460,1460,24,-1235.871794871795,341.18918918918916,-2602746,176736,11.000407934188843,2624
-11,-1460,1460,24,-1229.3607142857143,366.19417475728153,-1032663,75436,11.20278787612915,1046
-19,-1460,1460,24,-1121.3803278688524,521.3453608247422,-684042,101141,5.984510898590088,804
-6,-1460,1460,24,-1265.6445022288262,320.31027253668765,-3407115,152788,6.670611143112183,3169
-3,-1460,1460,24,-1030.03861003861,350.64954682779455,-800340,116065,6.215175151824951,1108
-6,-1460,1460,13,-968.479375696767,352.60251046025104,-868726,168544,11.06671690940857,1375
-6,-1460,1460,14,-998.4465212876428,359.1278350515464,-961504,174177,10.553421974182129,1448
-6,-1460,1460,2,-1258.814683768244,352.3408071748879,-2846180,157144,11.23206901550293,2707
-19,-1460,1460,7,-1196.568356374808,397.0811808118081,-778966,107609,11.67795205116272,922
-14,-1460,1460,24,-1142.1522556390978,729.1519337016574,-607625,263953,12.511470079421997,894
-6,-1460,1460,24,-1193.7925243770314,355.0252918287938,-2203741,182483,10.426982879638672,2360
-19,-1460,1460,10,-1348.3059743160245,498.9956140350877,-2414816,113771,14.13932991027832,2019
-19,-1460,1460,24,-1103.955149501661,385.9010989010989,-664581,105351,7.497720956802368,875
-14,-1460,1460,24,-1327.659363588941,409.28521126760563,-2545123,116237,9.61676812171936,2201
-21,-1460,1460,24,-1123.5890183028287,432.6282894736842,-675277,131519,11.64214301109314,905
-6,-1460,1460,24,-1005.7509339975094,353.2545045045045,-807618,156845,13.518308877944946,1247
-1,-1460,1460,24,-1281.7853560682047,419.36341463414635,-2555880,171939,28.231256008148193,2404
-6,-1460,1460,24,-1033.7864197530864,328.0904109589041,-837367,119753,7.844902038574219,1175
-6,-1460,1448,24,-1064.3654743390357,323.69964664310953,-684387,91607,6.376519203186035,926
-10,-1460,1460,24,-1138.2061855670104,462.4736842105263,-552030,105444,14.116276025772095,713
-4,-1460,1460,24,-1284.687766281193,337.59615384615387,-2110742,105330,16.049202919006348,1955
-6,-1460,1460,24,-1059.2067039106146,370.5967302452316,-758392,136009,13.36321496963501,1083
-6,-1460,1460,24,-1028.1993637327678,340.1020408163265,-969592,166650,11.99022912979126,1433
-6,-1460,1460,24,-1123.3040152963672,365.7704918032787,-1174976,156184,8.851592063903809,1473
-19,-1460,1460,24,-1199.5745526838966,539.4263157894737,-603386,102491,9.425469875335693,693
-6,-1460,1460,24,-978.2794959908362,367.2659090909091,-854038,161597,10.89505410194397,1313
-6,-1460,1460,24,-1033.6176470588234,345.32748538011697,-808289,118102,5.764250040054321,1124
-6,-1460,1460,24,-1003.7844827586207,345.81,-931512,172905,10.8281090259552,1428
-19,-1460,1460,24,-1147.9321266968325,444.69325153374234,-507386,72485,6.4560160636901855,605
-6,-1460,1460,24,-993.8606060606061,341.90833333333336,-983922,164116,6.243283987045288,1470
-6,-1460,1460,24,-1071.3233532934132,420.4012738853503,-715644,132006,7.6771299839019775,982
-24,-1460,783,24,-758.5913978494624,144.6024096385542,-70549,12002,5.458878040313721,176
-6,-1460,1460,2,-1247.0651121865376,340.27360308285165,-2834579,176602,12.938930034637451,2792
-1,-1460,1460,24,-1293.5565702688991,403.9931271477663,-2549600,117562,6.946612119674683,2262
-1,-1460,1460,12,-980.3949771689498,375.57077625570776,-858826,164500,10.296985864639282,1314
-19,-1460,1460,24,-1160.2510548523207,446.02369668246445,-549959,94111,11.360467910766602,685
-6,-1460,1460,24,-957.047619047619,352.93273542600895,-864214,157408,11.029067039489746,1349
-6,-1460,1460,24,-988.2665876777252,356.2256532066508,-834097,149971,7.043399095535278,1265
-6,-1460,1460,24,-1048.005540166205,339.065625,-756660,108501,10.824053049087524,1042
-6,-1460,1460,24,-1025.615306122449,350.78793774319064,-1005103,180305,13.796769857406616,1494
-6,-1460,1460,2,-1296.6625,396.67123287671234,-2697058,144785,9.145034074783325,2445
-6,-1460,1460,24,-1142.8122001370803,342.753937007874,-1667363,174119,16.482070922851562,1967
-19,-1460,1460,24,-1302.3885400313973,377.79615384615386,-1659243,98227,11.973785877227783,1534
-6,-1460,1460,24,-1244.311746987952,381.780487804878,-1652446,125224,12.495269060134888,1656
-14,-1460,1460,24,-1304.3158326497128,317.40851063829786,-1589961,74591,13.940774917602539,1454
-6,-1460,1460,11,-1234.433601609658,347.31274900398404,-2454054,174351,14.869148015975952,2490
-6,-1460,1460,24,-1248.1401785714286,339.2661737523105,-2795834,183543,13.119736909866333,2781
-6,-1460,1460,24,-1076.5890227576974,380.5342465753425,-804212,138895,17.80490779876709,1112
-6,-1460,1460,23,-987.8341121495328,365.60532150776055,-845586,164888,10.928825855255127,1307
-19,-1460,1460,24,-1121.6711281070745,409.7083333333333,-586634,88497,11.389689922332764,739
-6,-1460,1460,24,-1114.075976845152,332.23201438848923,-1539653,184721,16.89306902885437,1938
-5,-1460,1460,22,-973.6902237926973,369.7672811059908,-826663,160479,11.053357124328613,1283
-6,-1460,1460,24,-1003.7780346820809,329.78859857482183,-868268,138841,6.577544212341309,1286
-6,-1460,1460,24,-988.3722025912839,375.3176470588235,-839128,159510,10.419888973236084,1274
-2,-1460,1460,24,-980.0290023201857,384.7142857142857,-844785,161580,10.776303052902222,1282
-6,-1460,1460,12,-985.1851851851852,350.0437788018433,-851200,151919,10.762696981430054,1298
-6,-1460,1460,12,-1242.036,362.5595238095238,-2794581,182730,10.476984024047852,2754
-6,-1460,1460,24,-962.1739130434783,322.6828703703704,-863070,139399,6.593989133834839,1329
-6,-1460,1460,24,-988.5517647058823,313.6,-840269,122304,6.10828709602356,1240
-5,-1460,1460,24,-1064.4585987261146,408.7732342007435,-668480,109960,8.02466082572937,897
-6,-1460,1460,8,-1244.3452066842567,356.272365805169,-2829641,179205,10.453224182128906,2777
-6,-1460,1460,24,-984.9005847953216,356.3471615720524,-842090,163207,10.719956159591675,1313
-6,-1460,1460,24,-980.6435185185185,350.86695278969955,-847276,163504,10.613297939300537,1330
-6,-1460,1460,24,-1009.1025641025641,333.33709981167607,-983875,177002,17.694196939468384,1506
-6,-1460,1460,24,-981.7773892773893,300.86425339366514,-842365,132982,10.989248991012573,1300
-6,-1460,1460,21,-994.4491725768321,356.58222222222224,-841304,160462,10.560184955596924,1296
-6,-1460,1460,24,-809.8649093904448,330.90441176470586,-491588,135009,6.643841981887817,1015
-6,-1460,1460,23,-1317.7425692695215,361.916179337232,-5231438,185663,10.331282138824463,4483
-6,-1460,1460,24,-982.8997613365156,375.93095238095236,-823670,157891,10.938246965408325,1258
-6,-1460,1460,24,-951.5353748680042,328.37011494252874,-901104,142841,5.640223979949951,1382
-6,-1460,1460,24,-1068.8843843843845,400.05574912891984,-711877,114816,7.250772953033447,953
-6,-1460,1448,24,-1030.6567164179105,318.0,-759594,114798,6.021198034286499,1098
-6,-1460,1460,24,-1092.0646853146852,417.3135593220339,-624661,98486,6.47668194770813,808
-6,-1460,1460,24,-957.8698030634573,339.25198412698415,-875493,170983,15.97707200050354,1418
-6,-1460,1460,24,-976.4421534936998,362.9234234234234,-852434,161138,10.850255012512207,1317
-6,-1460,1460,24,-985.6157303370786,348.20250521920667,-877198,166789,15.490018844604492,1369
-6,-1460,1460,24,-1047.896265560166,399.5242165242165,-757629,140233,11.7322518825531,1074
-23,-1460,781,24,-1152.4957983193278,202.82758620689654,-137147,11764,5.8566811084747314,177
-24,-1460,617,24,-1082.0086206896551,119.35365853658537,-125513,9787,4.603807210922241,198
-24,-1460,781,24,-1199.3783783783783,146.8495575221239,-266262,16594,5.277013063430786,335
-24,-1460,781,24,-1103.3333333333333,133.57894736842104,-155570,15228,4.908766984939575,255
-24,-1460,781,24,-693.170731707317,92.8970588235294,-28420,6317,5.12023401260376,109
-24,-1460,781,24,-799.3333333333334,98.0989010989011,-40766,8927,4.773773908615112,142
-24,-1460,781,24,-775.8709677419355,93.71875,-24052,5998,4.903725862503052,95
-16,-1460,1440,24,-1314.900063251107,317.5952380952381,-2078857,40017,5.315589904785156,1707
-17,-1460,1440,24,-1337.6608527131782,354.7720588235294,-2070699,48249,5.440928936004639,1684
-24,-1460,781,24,-1093.080808080808,116.06666666666666,-108215,12187,5.371834993362427,204
-24,-1460,781,24,-941.0140845070423,127.13888888888889,-66812,13731,5.1260950565338135,179
-24,-1460,781,24,-784.96875,185.03333333333333,-25119,5551,4.266924142837524,62
-24,-1460,617,24,-1393.3572953736655,173.08602150537635,-1957667,16097,5.14001989364624,1498
-24,-1460,617,24,-800.5744680851063,89.19318181818181,-37627,7849,5.013370037078857,135
-24,-1460,781,24,-970.7796610169491,120.65116279069767,-57276,10376,3.5722908973693848,145
-24,-1460,781,24,-948.2876712328767,143.35106382978722,-69225,13475,4.978816986083984,167
-24,-1460,781,24,-848.15,116.72857142857143,-33926,8171,5.3884499073028564,110
-24,-1460,781,24,-696.2083333333334,129.125,-33418,8264,4.019909143447876,112
-31,-1460,781,24,-802.3235294117648,96.95384615384616,-27279,6302,4.7468109130859375,99
-31,-1460,621,24,-651.6296296296297,72.46551724137932,-17594,4203,5.2268970012664795,85
-24,-1460,617,24,-740.6521739130435,71.22413793103448,-17035,4131,4.506789922714233,81
-24,-1460,617,24,-1379.8755760368663,161.672131147541,-898299,9862,5.725496053695679,712
-24,-1460,781,24,-807.0434782608696,122.94117647058823,-37124,8360,5.15587306022644,114
-24,-1460,781,24,-567.3181818181819,102.9375,-24962,8235,5.160348176956177,124
-17,-1460,1440,24,-1304.8541666666667,245.57926829268294,-2066889,40275,4.944164037704468,1748
-12,-1460,1440,24,-1357.5703204047218,260.30046948356807,-4025196,55444,10.938557147979736,3178
-24,-1460,617,24,-699.0,71.81818181818181,-14679,4740,5.120315074920654,87
-24,-1460,781,24,-805.1086956521739,109.35443037974683,-37035,8639,3.6927990913391113,125
-23,-1460,781,24,-1155.6666666666667,127.04411764705883,-117878,8639,5.036955118179321,170
-24,-1460,781,24,-1201.1046511627908,156.5,-103295,10329,5.033467054367065,152
-24,-1460,781,24,-767.9722222222222,104.78787878787878,-27647,6916,3.929979085922241,102
-17,-1460,1440,24,-1336.3929166666667,239.63333333333333,-3207343,50323,5.627460956573486,2610
-24,-1460,781,24,-920.5384615384615,99.64179104477611,-23934,6676,5.187157869338989,93
-24,-1460,781,24,-917.2388059701492,134.72527472527472,-61455,12260,3.9928719997406006,158
-24,-1460,781,24,-1138.6754385964912,137.51807228915663,-129809,11414,5.026355028152466,197
-24,-1460,617,24,-1385.0504587155963,165.7810218978102,-2113587,22712,5.274815797805786,1663
-24,-1460,781,24,-987.1875,102.85057471264368,-63180,8948,5.491091012954712,151
-24,-1460,781,24,-1394.5225531914894,180.55102040816325,-1638564,17694,5.985152959823608,1273
-24,-1460,943,24,-1219.8403041825095,206.16153846153847,-641636,26801,11.637696027755737,656
-24,-1460,781,24,-1035.2033898305085,136.95238095238096,-61077,11504,6.186922073364258,143
-24,-1460,781,24,-1386.5618892508144,156.42016806722688,-1702698,18614,5.071998119354248,1347
-24,-1460,781,24,-1291.7645687645688,148.40322580645162,-554167,18402,4.934826135635376,553
-17,-1460,1440,24,-1305.547418967587,225.98543689320388,-2175042,46553,4.971017122268677,1872
-17,-1460,1440,20,-1396.4310972438898,287.14141414141415,-2685337,28427,7.959622144699097,2022
-24,-1460,781,24,-1244.3152173913043,150.5,-228954,13846,4.389549016952515,276
-24,-1460,617,24,-1295.9192546583852,141.78703703703704,-417286,15313,5.38922905921936,430
-24,-1448,513,24,-1378.983388704319,139.49473684210525,-2075370,26504,10.78774118423462,1695
-24,-1460,781,24,-664.8780487804878,92.8375,-27260,7427,5.116607189178467,121
-24,-1460,781,24,-1396.880082701585,172.97087378640776,-2026873,17816,6.159134149551392,1554
-31,-1460,781,24,-724.59375,94.82539682539682,-23187,5974,4.9069671630859375,95
-24,-1460,781,24,-805.65,103.62820512820512,-32226,8083,3.6564671993255615,118
-24,-1460,781,24,-973.4827586206897,129.7,-56462,10376,3.7359440326690674,138
-24,-1460,781,24,-881.2266666666667,152.890243902439,-66092,12537,5.506119966506958,157
-24,-1460,617,24,-1116.0338983050847,130.2340425531915,-131692,12242,5.1736650466918945,212
-31,-1460,617,24,-711.3333333333334,74.30645161290323,-17072,4607,4.653699159622192,86
-24,-1460,617,24,-934.3454545454546,110.37209302325581,-51389,9492,3.604027032852173,141
-24,-1460,781,24,-1199.2666666666667,155.33783783783784,-125923,11495,4.800217151641846,179
-31,-1460,781,24,-839.483870967742,94.296875,-26024,6035,4.960145950317383,95
-24,-1460,781,24,-1093.15625,157.90243902439025,-139924,12948,5.666934967041016,210
-12,-1460,943,24,-1384.5497630331754,181.1851851851852,-2044980,24460,5.0697081089019775,1612
-24,-1460,621,24,-1392.6669207317073,125.45833333333333,-1827179,9033,5.911612033843994,1384
-24,-1460,781,24,-767.2571428571429,113.93103448275862,-26854,6608,5.0558741092681885,93
-24,-1460,781,24,-992.4727272727273,156.90769230769232,-54586,10199,4.983636856079102,120
-24,-1460,781,24,-840.1290322580645,78.19736842105263,-26044,5943,7.090347051620483,107
-24,-1460,781,24,-900.96,157.8153846153846,-45048,10258,4.879976987838745,115
-24,-1460,781,24,-909.7413793103449,106.30434782608695,-52765,12225,7.433809041976929,173
-5,-1460,1440,24,-1423.8295394388565,387.188679245283,-2689614,41042,6.644197940826416,1995
-1,-1460,781,24,-1395.9470098410295,188.6952380952381,-1844046,19813,7.492650032043457,1426
-24,-1460,781,24,-1112.891472868217,146.51456310679612,-143563,15091,5.083929061889648,232
-24,-1460,781,24,-847.8695652173913,108.01149425287356,-39002,9397,5.2011799812316895,133
-24,-1460,1119,24,-1395.1540492957747,166.5,-1584895,11322,6.613501071929932,1204
-17,-1460,1440,24,-1299.5479282622139,232.05759162303664,-2101369,44323,5.04816198348999,1808
-24,-1460,943,24,-1386.5067934782608,190.736,-2040938,23842,4.840942144393921,1597
-24,-1460,781,24,-883.3095238095239,108.92207792207792,-37099,8387,3.9736318588256836,119
-24,-1460,781,24,-1241.7687861271677,166.45205479452054,-214826,12151,4.586977005004883,246
-24,-1460,621,24,-517.1176470588235,90.94827586206897,-17582,5275,5.019344091415405,92
-31,-1460,781,24,-783.4666666666667,92.5625,-23504,5924,4.783965826034546,94
-24,-1460,781,24,-1387.7093260721579,164.5639097744361,-2038545,21887,5.041600942611694,1602
-24,-1460,781,24,-777.1666666666666,84.57352941176471,-23315,5751,3.7337920665740967,98
-31,-1460,781,24,-725.6875,104.76470588235294,-23222,5343,3.7761290073394775,83
-31,-1460,781,24,-749.0645161290323,90.43548387096774,-23221,5607,5.146998167037964,93
-24,-1460,781,24,-733.1842105263158,94.69736842105263,-27861,7197,5.040195941925049,114
-24,-1460,781,24,-884.156862745098,137.53846153846155,-45092,8940,4.1549458503723145,116
-31,-1460,781,24,-840.8095238095239,87.01428571428572,-17657,6091,5.120316028594971,91
-1,-1460,1440,8,-1277.994501718213,237.56770833333334,-1859482,45613,5.045146942138672,1647
-31,-1460,781,24,-955.0909090909091,119.05747126436782,-52530,10358,5.024749040603638,142
-24,-1460,781,24,-823.7894736842105,91.25454545454545,-15652,5019,5.013736009597778,74
-24,-1460,781,24,-721.4117647058823,108.32835820895522,-36792,7258,4.445498943328857,118
-24,-1460,781,24,-891.6511627906976,138.5268817204301,-76682,12883,4.697146892547607,179
-24,-1460,781,24,-933.6666666666666,154.29761904761904,-61622,12961,3.902585983276367,150
-24,-1460,617,24,-720.0769230769231,62.78,-9361,3139,4.7602269649505615,63
-31,-1460,781,24,-732.90625,86.84507042253522,-23453,6166,3.4898219108581543,103
-24,-1460,781,24,-941.3924050632911,146.13725490196077,-74370,14906,4.2676780223846436,181
-31,-1460,781,24,-785.21875,104.16923076923077,-25127,6771,4.346988201141357,97
-31,-1460,781,24,-691.225,109.30434782608695,-27649,7542,4.467983961105347,109
-31,-1460,781,24,-803.2068965517242,86.4090909090909,-23293,5703,5.20037579536438,95
-24,-1460,781,24,-1392.1087570621469,197.01041666666666,-1971226,18913,4.559725999832153,1512
-31,-1460,781,24,-802.8965517241379,103.21153846153847,-23284,5367,3.3619420528411865,81
-24,-1460,781,24,-771.5652173913044,119.08695652173913,-17746,5478,3.120319128036499,69
-24,-1003,380,24,-186.26666666666668,29.595744680851062,-2794,5564,113.75547194480896,203
-24,-1364,404,24,-656.0416666666666,130.66101694915255,-15745,7709,5.996867895126343,83
-24,-1428,513,24,-1392.7604240282685,180.265625,-1970756,23074,6.1467061042785645,1543
-24,-1448,513,24,-1140.918181818182,151.22549019607843,-125501,15425,7.087472915649414,212
-24,-1448,513,24,-720.6944444444445,111.88888888888889,-25945,8056,6.369710922241211,108
-24,-1363,404,24,-591.7142857142857,113.52439024390245,-16568,9309,6.227293014526367,110
-24,-1428,513,24,-705.9047619047619,87.63636363636364,-29648,9640,11.340080976486206,152
-24,-1448,404,24,-635.76,91.32352941176471,-15894,6210,6.1507439613342285,93
-24,-1428,513,24,-1111.4198473282443,136.9915254237288,-145596,16165,7.01664400100708,249
-24,-1460,513,24,-1077.1458333333333,154.9609375,-155109,19835,6.684240102767944,272
-23,-1428,513,24,-1391.8157514450868,157.08943089430895,-1926273,19322,7.060701847076416,1507
-24,-1448,513,24,-851.2608695652174,107.44444444444444,-39158,10637,7.037816047668457,145
-24,-1428,513,24,-554.8611111111111,108.30337078651685,-19975,9639,10.455550909042358,125
-24,-1428,513,24,-872.0681818181819,120.9746835443038,-38371,9557,7.498494863510132,123
-24,-1460,513,24,-805.90625,122.51190476190476,-25789,10291,6.720167875289917,116
-24,-1428,513,24,-1392.662429378531,188.65873015873015,-1972010,23771,6.346449136734009,1542
-24,-1428,513,24,-756.2127659574468,120.04395604395604,-35542,10924,7.3453369140625,138
-24,-1428,513,24,-617.5769230769231,101.1875,-16057,8095,6.6433610916137695,106
-24,-1428,513,24,-1215.5681818181818,159.33009708737865,-213940,16411,6.917572021484375,279
-24,-1428,513,24,-1102.8030303030303,153.92380952380952,-145570,16162,6.787132024765015,237
-24,-1448,513,24,-683.0,117.06666666666666,-21856,8780,6.140974998474121,107
-24,-1364,404,24,-485.8181818181818,103.46774193548387,-10688,6415,6.224858999252319,84
-23,-1448,513,24,-1384.5663716814158,146.44021739130434,-2033928,26945,12.586580991744995,1653
-24,-1448,513,24,-1246.2597402597403,169.4867256637168,-287886,19152,6.885705947875977,344
-24,-1428,404,24,-560.6153846153846,84.14285714285714,-14576,6479,7.093463182449341,103
-24,-1448,513,24,-1371.5937961595273,139.15126050420167,-928569,16559,12.474723100662231,796
-24,-1428,513,24,-598.1666666666666,100.1830985915493,-14356,7113,10.226179122924805,95
-24,-1448,513,24,-1381.096866096866,154.77372262773721,-1939060,21204,7.092725038528442,1541
-24,-1364,404,24,-541.3461538461538,104.8840579710145,-14075,7237,6.853656053543091,95
-24,-1448,513,24,-1047.7986577181207,134.43065693430657,-156122,18417,9.744113206863403,286
-24,-1448,513,24,-698.3230769230769,106.7734375,-45391,13667,10.699368000030518,193
-24,-1448,513,24,-701.0277777777778,107.29230769230769,-25237,6974,6.439548015594482,101
-31,-1428,513,24,-569.2307692307693,230.76923076923077,-14800,6000,8.501751899719238,52
-23,-1460,543,24,-1250.5555555555557,176.66417910447763,-450200,23673,6.639986038208008,494
-24,-1428,513,24,-996.0592105263158,143.72222222222223,-151401,20696,8.866137981414795,296
-24,-1460,513,24,-951.561403508772,167.94444444444446,-54239,15115,6.081748008728027,147
-24,-1448,513,24,-794.219512195122,128.675,-32563,10294,6.43051290512085,121
-24,-1428,513,24,-1128.4469696969697,151.0650406504065,-148955,18581,6.996852159500122,255
-24,-1460,513,24,-1371.3152746425885,111.96319018404908,-1822478,18250,15.285460233688354,1492
-24,-1428,513,24,-631.6470588235294,111.15294117647059,-21476,9448,6.668510913848877,119
-24,-1448,513,24,-1377.156615661566,149.5483870967742,-1530021,13908,15.985095024108887,1204
-6,-1428,513,24,-616.2923076923076,113.18888888888888,-40059,10187,10.158178091049194,155
-24,-1428,513,24,-753.8809523809524,131.72093023255815,-31663,11328,6.497896909713745,128
-24,-1448,513,24,-829.6037735849056,98.21052631578948,-43969,13062,12.447847127914429,186
-24,-1448,943,24,-1346.154119739182,173.55648535564853,-2270962,41480,16.014968872070312,1926
-24,-1448,943,24,-1383.4792375765828,189.71014492753622,-2032331,26180,7.695817947387695,1607
-24,-1448,513,24,-761.0294117647059,112.44705882352942,-25875,9558,6.692867040634155,119
-24,-1428,513,24,-1108.108527131783,149.0090909090909,-142946,16391,6.598391056060791,239
-31,-1364,404,24,-453.03225806451616,75.88695652173914,-14044,8727,17.707068920135498,146
-24,-1428,513,24,-865.8095238095239,150.65753424657535,-36364,10998,6.236133098602295,115
-24,-1428,513,24,-832.3714285714286,139.26760563380282,-29133,9888,6.063309192657471,106
-31,-1428,513,24,-924.5454545454545,132.775,-40680,10622,6.396869897842407,124
-24,-1428,513,24,-1394.6761565836298,169.8803418803419,-1959520,19876,6.271395921707153,1522
-24,-1448,1448,24,-1376.6156282998943,201.55,-1303655,24186,6.503274917602539,1067
-24,-1364,404,24,-504.57142857142856,95.0677966101695,-10596,5609,6.1277101039886475,80
-24,-1364,404,24,-554.0,72.68354430379746,-10526,5742,6.653763055801392,98
-24,-1364,404,24,-510.6875,79.29824561403508,-8171,4520,6.453370094299316,73
-24,-1364,404,24,-542.6,76.53333333333333,-8139,4592,6.666780948638916,75
-24,-1428,513,24,-857.4509803921569,143.9655172413793,-43730,12525,7.253546953201294,138
-31,-1428,513,24,-978.0869565217391,167.12328767123287,-44992,12200,6.399787902832031,119
-24,-1428,513,24,-803.0,118.9090909090909,-41756,11772,8.962189197540283,151
-24,-1363,404,24,-342.8333333333333,77.16455696202532,-10285,6096,11.196960926055908,109
-24,-1428,513,24,-736.8260869565217,104.19047619047619,-33894,10940,9.406788110733032,151
-24,-1448,513,24,-1096.013422818792,141.41780821917808,-163306,20647,8.248350143432617,295
-24,-1448,513,24,-934.1320754716982,145.98701298701297,-49509,11241,6.2049720287323,130
-24,-1428,513,24,-1404.690170940171,119.24193548387096,-1314790,7393,7.636143922805786,998
-24,-1460,513,24,-1175.448484848485,147.58646616541353,-193949,19629,9.143259048461914,298
-24,-1448,513,24,-1107.4710144927535,158.86776859504133,-152831,19223,6.560365915298462,259
-24,-1460,513,24,-1398.0934959349593,158.0,-2063586,21488,14.872361898422241,1612
-24,-1460,1173,24,-1373.706449668475,173.70348837209303,-2278979,29877,13.375704050064087,1831
-24,-1448,513,24,-1103.9391304347826,127.66101694915254,-126953,15064,9.759199142456055,233
-24,-1448,513,24,-886.4197530864197,145.78761061946904,-71800,16474,6.690354108810425,194
-24,-1428,513,24,-1045.281690140845,128.3310810810811,-148430,18993,10.82178807258606,290
-24,-1448,943,24,-1388.4223433242507,186.05797101449275,-2038204,25676,6.22416090965271,1606
-24,-1448,543,24,-705.8214285714286,126.64285714285714,-59289,15957,12.318274021148682,210
-24,-1364,404,24,-593.2631578947369,88.43939393939394,-11272,5837,6.4905478954315186,85
-24,-1364,404,24,-529.6,103.64912280701755,-10592,5908,6.422173976898193,77
-24,-1364,404,24,-484.8181818181818,103.64912280701755,-10666,5908,6.079814910888672,79
-24,-1448,943,24,-1388.133971291866,184.63492063492063,-2030840,23264,6.397691965103149,1589
-24,-1428,513,24,-888.4888888888889,132.1216216216216,-39982,9777,6.502481937408447,119
-24,-1428,513,24,-1075.4045801526718,129.3875968992248,-140878,16691,9.761898040771484,260
-24,-1428,513,24,-843.94,134.02631578947367,-42197,10186,9.76909613609314,126
-24,-1363,404,24,-558.375,102.48979591836735,-8934,5022,6.2134599685668945,65
-31,-1363,404,24,-585.6666666666666,82.23611111111111,-10542,5921,6.3023810386657715,90
-24,-1363,404,24,-545.2,85.80392156862744,-8178,4376,6.189954042434692,66
-24,-1428,513,24,-864.5102040816327,148.5679012345679,-42361,12034,6.85328483581543,130
-31,-1364,404,24,-642.7058823529412,100.69090909090909,-10926,5538,6.396811008453369,72
-24,-1364,404,24,-529.3809523809524,90.37837837837837,-11117,6688,6.10684609413147,95
-31,-1364,404,24,-556.8421052631579,77.75641025641026,-10580,6065,6.611433982849121,97
-31,-1364,404,24,-477.6842105263158,84.08474576271186,-9076,4961,6.376810789108276,78
-24,-1428,513,24,-702.4137931034483,111.87878787878788,-20370,7384,6.097476959228516,95
-31,-1448,1448,24,-712.3888888888889,178.82666666666665,-25646,13412,6.268609046936035,111
-24,-1428,513,24,-1118.5426356589148,150.35185185185185,-144292,16238,6.53333306312561,237
-24,-1428,513,24,-658.05,121.81818181818181,-26322,8040,5.972144842147827,106
-31,-1364,404,24,-415.09375,93.74117647058823,-13283,7968,8.260740041732788,117
-24,-1364,404,24,-542.2222222222222,90.43103448275862,-9760,5245,6.346562147140503,76
-24,-1460,513,24,-1234.9322916666667,127.21904761904761,-237107,13358,6.16010594367981,297
-24,-1448,656,6,-1209.2721893491125,109.36082474226804,-204367,10608,7.641925811767578,266
-24,-1428,513,24,-878.3571428571429,147.2173913043478,-73782,16930,7.917318105697632,199
-31,-1362,404,24,-514.9473684210526,79.45121951219512,-9784,6515,6.400049209594727,101
-24,-1363,404,24,-531.75,95.0677966101695,-10635,5609,6.133610010147095,79
-8,-1460,1448,24,-1409.1660884458302,243.825,-32088121,156048,19.206403970718384,23411
-8,-1460,1448,9,-1411.4446194225723,271.995652173913,-32265624,187677,13.72172498703003,23550
-8,-1460,1448,2,-1414.4189283838207,244.26067746686303,-32310986,165853,17.297343015670776,23523
-4,-1460,1448,24,-1418.5254563691074,285.1820895522388,-35356747,191072,14.020611047744751,25595
-3,-1460,1448,24,-1412.2228187919463,286.9021739130435,-32615286,184765,9.850522994995117,23739
-8,-1460,1448,24,-1417.107422327175,254.07692307692307,-30605269,145332,13.269983053207397,22169
-6,-1460,1448,24,-1407.491465178756,262.8794402583423,-34054256,244215,18.816898822784424,25124
-8,-1460,1448,24,-1412.2070355281028,271.1336336336336,-32236450,180575,19.114124059677124,23493
-8,-1460,1448,24,-1416.1331413863804,231.06340057636888,-32462020,160358,18.044902086257935,23617
-8,-1460,1448,24,-1415.075066079295,251.43356643356643,-32122204,143820,10.803274869918823,23272
-5,-1460,1448,24,-1415.9819531044172,267.3940256045519,-32247573,187978,19.597929000854492,23477
-8,-1460,1448,24,-1418.5110124984733,241.22222222222223,-34842886,151970,17.412468910217285,25193
-8,-1460,1448,24,-1418.255725643764,299.03846153846155,-35854923,194375,12.562150001525879,25931
-8,-1460,1448,24,-1413.7182485602498,240.9770867430442,-32157849,147237,18.686128854751587,23358
-8,-1460,1448,24,-1419.2456796721895,260.3125,-31864904,133280,13.164849042892456,22964
-8,-1460,1448,24,-1412.6399771609276,277.46264367816093,-32162987,193114,12.796948909759521,23464
-7,-1460,1448,9,-1425.1433324200557,270.5528596187175,-36410987,156109,9.735759973526001,26126
-8,-1460,1448,24,-1422.6873106433209,243.704,-36157598,152315,9.420766830444336,26040
-7,-1460,1448,21,-1416.657416844251,274.2876480541455,-30579967,162104,15.345399141311646,22177
-8,-1460,1448,24,-1414.2684137075516,217.61036468330136,-27361851,113375,13.47002911567688,19868
-7,-1460,1448,24,-1421.3544764525723,215.99156829679595,-32021695,128083,13.597139835357666,23122
-8,-1460,1448,24,-1375.8735513245033,254.92376681614348,-13296442,170544,19.867769956588745,10333
-7,-1460,1448,24,-1416.1830115047387,193.13230240549828,-27942707,112403,16.84904909133911,20313
-6,-1460,1448,24,-1401.6891470263524,237.79493670886075,-29201390,187858,16.689970016479492,21623
-3,-1460,1448,24,-1410.4671222947086,211.9620253164557,-27241762,117215,12.494167804718018,19867
-8,-1460,1448,24,-1410.918260960225,249.8879003558719,-27065645,140437,11.169660806655884,19745
-8,-1460,1448,24,-1419.9177658142664,216.33520599250937,-31649967,115523,13.040022850036621,22824
-6,-1460,1448,24,-1400.452539255906,248.16987542468857,-29699397,219134,16.21096181869507,22090
-6,-1460,1448,24,-1402.2156862745098,243.73085585585585,-28533687,216433,18.351001024246216,21237
-6,-1460,1448,24,-1399.928175475485,244.82794457274827,-29294897,212021,20.166554927825928,21792
-8,-1460,1448,24,-1414.062092007196,267.3940809968847,-27510578,171667,12.72188687324524,20097
-8,-1460,1448,24,-1412.3784023231776,216.16140350877194,-28695292,123212,9.724025011062622,20887
-8,-1460,1448,24,-1400.5239293164805,273.9232,-22825739,171202,18.794586896896362,16923
-6,-1460,1448,24,-1388.4389570703336,260.33017975402083,-28170038,275169,21.163539171218872,21346
-6,-1460,1448,24,-1413.7881204314267,238.83212996389892,-27657937,132313,13.240534782409668,20117
-8,-1460,1448,24,-1413.5170767154573,204.16894197952217,-27232820,119643,13.131038188934326,19852
-8,-1460,1448,24,-1414.576697618924,202.74669187145557,-27268795,107253,20.068262815475464,19806
-5,-1460,1448,24,-1390.1223766439698,257.79635761589407,-29807004,311418,51.576495885849,22650
-8,-1460,1448,24,-1413.0740508969545,261.6130081300813,-27097108,160892,19.311815977096558,19791
-8,-1460,1448,24,-1410.7948757763975,234.65714285714284,-27256557,139621,17.74738597869873,19915
-1,-1460,1448,24,-1389.435991657563,261.13536201469043,-27980462,248862,23.549866914749146,21091
-8,-1460,1448,24,-1409.5400594993846,203.3578947368421,-27480393,115914,16.209350109100342,20066
-8,-1460,1448,24,-1414.7150051250055,210.13616398243045,-31744790,143523,15.985527992248535,23122
-5,-1460,1448,24,-1399.4537648285104,250.60115606936415,-28194795,216770,17.401546001434326,21012
-8,-1460,1448,24,-1405.9274489795919,212.82521489971347,-27556178,148552,18.998507976531982,20298
-8,-1460,1448,24,-1414.775909330522,197.85867237687367,-26838299,92400,18.325243949890137,19437
-8,-1460,1448,24,-1409.4223801421278,259.70257966616083,-28163078,171144,14.074400901794434,20641
-5,-1460,1448,24,-1397.215717647059,277.2145178764897,-29690834,255869,16.875927925109863,22173
-8,-1460,1448,12,-1413.8736744089804,241.72184300341297,-27331592,141649,18.108536958694458,19917
-8,-1460,1448,24,-1412.619478752355,293.7391304347826,-26992333,148632,11.033690214157104,19614
-8,-1460,1448,24,-1420.2116270063257,221.25,-33004298,125670,13.98316502571106,23807
-8,-1460,1448,1,-1414.4259957384036,287.28046989720997,-34517652,195638,14.652241945266724,25085
-8,-1460,1448,1,-1410.913389121339,271.7371428571429,-33720830,190216,18.53621506690979,24600
-8,-1460,1448,24,-1412.715098971118,221.6915322580645,-27049256,109959,12.85175609588623,19643
-1,-1460,1448,24,-1415.6449648711944,211.21814671814673,-27201618,109411,13.194485902786255,19733
-8,-1460,1448,22,-1415.9865270248933,214.1012658227848,-26905160,101484,12.96143102645874,19475
-8,-1460,1448,24,-1416.4323286447868,280.79907264296753,-31721002,181677,13.314167022705078,23042
-8,-1460,1448,24,-1411.7352849021977,280.748502994012,-31539578,187540,13.661885976791382,23009
-1,-1460,1448,24,-1408.3528265107213,218.93631669535284,-27454430,127202,11.913445949554443,20075
-1,-1460,1448,24,-1420.0595423707387,253.65576592082616,-33699433,147374,16.13953685760498,24312
-5,-1460,1448,24,-1413.106957479159,194.90631364562117,-26952189,95699,18.796703100204468,19564
-8,-1460,1448,24,-1420.1030576090284,275.0115702479339,-32464976,166382,16.66332697868347,23466
-8,-1460,1448,24,-1412.204132965082,268.22898550724636,-28633851,185078,16.306102991104126,20966
-8,-1460,1448,24,-1413.830130496961,275.0203488372093,-31635863,189214,23.201564073562622,23064
-3,-1460,1448,17,-1395.7049326095096,245.74206755373592,-29823423,240090,22.580984830856323,22345
-7,-1460,1448,24,-1419.7522896470462,209.26680672268907,-26508195,99611,14.098844051361084,19147
-5,-1460,1448,24,-1299.0075634792004,262.9919935948759,-12022315,328477,38.59556794166565,10504
-8,-1460,1448,24,-1403.1450309643174,239.3753581661891,-23790324,167084,23.058587074279785,17653
-6,-1460,1448,22,-1392.4863856769862,297.1489361702128,-29866048,321218,24.023282051086426,22529
-4,-1460,1448,24,-1416.1933690064002,221.89596602972398,-26995478,104513,11.996378898620605,19533
-5,-1460,1448,3,-1383.2331521739131,254.97081930415263,-22906341,227179,20.8019540309906,17451
-6,-1460,1448,24,-1392.982398137369,252.28648068669528,-29914297,235131,19.06383180618286,22407
-8,-1460,1448,24,-1412.2303364987613,239.6263157894737,-27363375,136587,11.795539855957031,19946
-6,-1460,1448,9,-1390.5626900466248,269.53061224489795,-27438583,264140,16.369208097457886,20712
-8,-1460,1448,24,-1420.3962933046132,212.88652482269504,-31652111,120068,25.30291199684143,22848
-8,-1460,1448,24,-1410.5962586082844,208.04044117647058,-27447382,113174,16.276090145111084,20002
-8,-1460,1448,1,-1414.4421646805843,224.90032679738562,-31573178,137639,14.706123113632202,22934
-8,-1460,1448,24,-1409.0472657466016,275.7719298245614,-27157977,157190,11.95306921005249,19844
-8,-1460,1448,24,-1413.5499871366092,205.5514705882353,-27472344,111820,14.01175308227539,19979
-8,-1460,1448,24,-1414.0278863695596,247.03366336633664,-27128125,124752,16.957808017730713,19690
-8,-1460,1448,24,-1417.626032841753,192.248987854251,-27107845,94971,21.948724031448364,19616
-8,-1460,1448,24,-1413.0183800623054,209.4731182795699,-27214734,116886,16.536711931228638,19818
-8,-1460,1428,24,-1419.6565123206065,207.716,-31456749,103858,10.88071894645691,22658
-8,-1460,1448,24,-1417.5916536254565,200.6235294117647,-27175232,102318,14.747464179992676,19680
-8,-1460,1448,24,-1415.6833203226645,209.74903474903476,-27202355,108650,11.739331007003784,19733
-2,-1460,1448,24,-1410.8495360824743,286.195211786372,-27370481,155404,10.981067895889282,19943
-8,-1460,1448,24,-1411.3031267943832,202.80321285140562,-27036334,100996,18.5334689617157,19655
-8,-1460,1448,24,-1413.5927458995188,228.83536585365854,-27320507,112587,9.581447839736938,19819
-8,-1460,1448,24,-1419.0142440214313,209.58058252427185,-32576310,107934,18.85382890701294,23472
-8,-1460,1448,24,-1418.5841876706809,235.82333333333332,-31686915,141494,16.802006006240845,22937
-8,-1460,1448,24,-1416.2547830352762,268.51627218934914,-31756681,181517,13.76223611831665,23099
-3,-1460,1448,1,-1417.7654495623729,204.13914373088684,-32072690,133507,15.050983905792236,23276
-6,-1460,1448,23,-1401.9606461237718,256.6332899869961,-27252713,197351,16.255800008773804,20208
-8,-1460,1448,24,-1414.1509836577495,254.3422680412371,-27171497,123356,10.610898971557617,19699
-8,-1460,1448,3,-1417.1155604030332,214.48556876061122,-27285143,126332,15.879378080368042,19843
-6,-1460,1448,24,-1400.1325510443558,247.24852071005918,-29829824,208925,21.097860097885132,22150
-8,-1460,1448,24,-1410.406482383712,253.13739130434783,-27501516,145554,9.140476942062378,20074
-8,-1460,1448,24,-1411.4910746437574,228.0321361058601,-27437975,120629,15.326875925064087,19968
-8,-1460,1448,24,-1418.6390458905885,195.7326923076923,-27358454,101781,14.749891996383667,19805
-8,-1460,1448,24,-1420.2560251334137,281.246887966805,-33001069,135561,12.039258003234863,23718
-6,-1460,943,24,-1378.8653603034134,181.70344827586206,-2181365,26347,6.364756107330322,1727
-6,-1460,575,24,-1252.0,66.82191780821918,-140224,4878,6.023600816726685,185
-6,-1460,576,24,-1219.7338129496402,103.81395348837209,-169543,8928,5.997043132781982,225
-6,-1460,575,24,-1250.9910714285713,74.91666666666667,-140111,4495,6.089213132858276,172
-6,-1460,943,24,-1383.2215836526182,169.6014492753623,-2166125,23405,6.1248791217803955,1704
-6,-1460,575,24,-1201.162393162393,68.92647058823529,-140536,4687,6.010441064834595,185
-6,-1460,576,24,-1230.2624113475176,115.03529411764706,-173467,9778,6.444365978240967,226
-6,-1460,574,24,-1136.7952755905512,77.51807228915662,-144373,6434,6.051560163497925,210
-6,-1460,575,24,-1171.3666666666666,116.18446601941747,-175705,11967,5.949047088623047,253
-6,-1460,575,24,-1329.4551971326164,144.90579710144928,-741836,19997,6.6065380573272705,696
-6,-1460,575,24,-1218.6369426751592,129.6122448979592,-191326,12702,5.9735941886901855,255
-6,-1460,575,24,-1301.313725490196,133.8235294117647,-331835,11375,6.027086973190308,340
-6,-1460,576,24,-1386.897810218978,141.13970588235293,-2090055,19195,6.004356861114502,1643
-6,-1460,575,24,-1155.781954887218,99.51807228915662,-153719,8260,5.865623950958252,216
-6,-1460,576,24,-1236.4444444444443,80.14285714285714,-144664,5610,5.9733781814575195,187
-6,-1460,576,24,-1295.8669201520913,148.13186813186815,-340813,13480,5.7613677978515625,354
-6,-1460,576,24,-1192.704918032787,79.35211267605634,-145510,5634,5.958248138427734,193
-6,-1460,575,24,-1245.5771144278608,121.70967741935483,-250361,11319,5.418461084365845,294
-6,-1460,577,24,-1196.375,117.02564102564102,-162707,9128,6.041536092758179,214
-6,-1460,577,24,-1240.5486725663716,75.8135593220339,-140182,4473,5.924943208694458,172
-6,-1460,576,24,-1370.9648629655658,164.6013071895425,-1950883,25184,7.139077186584473,1576
-6,-1460,577,24,-1221.9126984126983,90.83529411764705,-153961,7721,5.800314903259277,211
-6,-1460,576,24,-1234.1625615763546,106.09909909909909,-250535,11777,6.05368185043335,314
-6,-1460,576,24,-1384.706507304117,146.2312925170068,-2085368,21496,6.625128984451294,1653
-6,-1460,576,24,-1385.5387673956263,145.61068702290078,-2090778,19075,6.2514050006866455,1640
-6,-1460,576,24,-1376.4724669603524,127.3801652892562,-1249837,15413,5.987514972686768,1029
-6,-1460,577,24,-1237.3300970873786,117.78217821782178,-254890,11896,5.580127000808716,307
-6,-1460,577,24,-1195.024,85.52857142857142,-149378,5987,5.959043025970459,195
-6,-1460,576,24,-1209.7117117117118,141.2970297029703,-268556,14271,5.993010997772217,323
-6,-1460,576,24,-1213.219512195122,87.09210526315789,-149226,6619,5.7336719036102295,199
-6,-1460,576,24,-1213.1181102362204,101.8082191780822,-154066,7432,5.921344995498657,200
-6,-1460,577,24,-1385.433710859427,127.15172413793104,-2079536,18437,7.024852991104126,1646
-6,-1460,577,24,-1232.0695652173913,79.42647058823529,-141688,5401,6.053694009780884,183
-6,-1460,577,24,-1184.5140845070423,100.21428571428571,-168201,9821,6.116290092468262,240
-6,-1460,577,24,-1198.6338028169014,122.34615384615384,-170206,9543,5.895356178283691,220
-6,-1460,576,24,-1379.8029827315543,145.33587786259542,-1757869,19039,5.507014036178589,1405
-6,-1460,577,24,-1382.5995145631068,117.66423357664233,-1708893,16120,6.217111110687256,1373
-6,-1460,577,24,-1189.6222222222223,102.60240963855422,-160599,8516,6.000088930130005,218
-6,-1460,576,24,-1262.1788321167883,138.71,-345837,13871,6.024832010269165,374
-6,-1460,577,24,-1202.508064516129,96.81818181818181,-149111,6390,7.0134570598602295,190
-6,-1460,577,24,-1381.220985691574,128.03174603174602,-1737576,16132,9.220038890838623,1384
-6,-1460,577,24,-1388.9630850362557,146.71621621621622,-2107057,21714,8.064328908920288,1665
-6,-1460,576,24,-1190.7931034482758,109.16494845360825,-172665,10589,5.893583059310913,242
-6,-1460,577,24,-1225.347619047619,123.27027027027027,-257323,13683,6.480324983596802,321
-6,-1460,576,24,-1233.8333333333333,110.06060606060606,-155463,7264,6.453573942184448,192
-6,-1460,577,24,-1191.355072463768,112.43243243243244,-164407,8320,5.5882790088653564,212
-6,-1460,577,24,-1228.7636363636364,124.50862068965517,-270328,14443,5.959507942199707,336
-6,-1460,575,24,-1361.6162402669634,126.4090909090909,-1224093,16686,8.29295802116394,1031
-6,-1460,577,24,-1197.2644628099174,80.97101449275362,-144869,5587,5.9436869621276855,190
-6,-1460,575,24,-1229.7368421052631,71.0,-140190,4615,5.9702770709991455,179
-6,-1460,577,24,-1206.6916666666666,71.9390243902439,-144803,5899,6.121970176696777,202
-6,-1460,577,24,-1219.2782608695652,76.70689655172414,-140217,4449,6.066150903701782,173
-6,-1460,577,24,-1263.719298245614,80.97101449275362,-144064,5587,6.043719053268433,183
-6,-1460,576,24,-1217.6559633027523,102.87591240875912,-265449,14094,5.998025894165039,355
-6,-1460,577,24,-1212.39837398374,78.5,-149125,6908,5.993613958358765,211
-6,-1460,577,24,-1246.4285714285713,71.765625,-139600,4593,6.082098960876465,176
-6,-1460,576,24,-1241.1497584541062,128.97938144329896,-256918,12511,5.48664402961731,304
-6,-1460,576,24,-1382.86717752235,163.9037037037037,-2165570,22127,6.364484071731567,1701
-6,-1460,577,24,-1251.4107142857142,68.30434782608695,-140158,4713,6.053530216217041,181
-6,-1460,576,24,-1241.04,83.10714285714286,-155130,6981,6.081990957260132,209
-6,-1460,576,24,-1211.6416666666667,85.97101449275362,-145397,5932,5.9871721267700195,189
-6,-1460,576,24,-1191.2125984251968,95.64935064935065,-151284,7365,5.978133201599121,204
-6,-1460,577,24,-1390.3004081632653,127.8695652173913,-1703118,14705,5.946578025817871,1340
-6,-1460,577,24,-1204.6827586206896,103.65811965811966,-174679,12128,6.424052000045776,262
-6,-1460,577,24,-1372.1381909547738,121.0962962962963,-1638333,16348,8.202651977539062,1329
-6,-1460,576,24,-1388.8279785809907,158.1891891891892,-2074909,17559,7.586863994598389,1605
-6,-1460,576,24,-1217.0814814814814,112.41891891891892,-164306,8319,5.920805931091309,209
-6,-1460,577,24,-1217.624,102.19718309859155,-152203,7256,6.043581962585449,196
-6,-1460,577,24,-1181.4274193548388,88.43283582089552,-146497,5925,6.038297891616821,191
-6,-1460,576,24,-1400.4318507890962,161.48387096774192,-1952202,10012,10.059723854064941,1456
-6,-1460,576,24,-1382.9060402684563,150.67521367521368,-2060530,17629,6.122550010681152,1607
-6,-1460,576,24,-1394.6516172506738,156.97,-2069663,15697,5.973019123077393,1584
-6,-1460,576,24,-1231.0438596491229,70.3030303030303,-140339,4640,6.463817119598389,180
-6,-1460,577,24,-1256.22,130.1573033707865,-251244,11584,5.953039884567261,289
-6,-1460,577,24,-1213.1869918699188,89.4090909090909,-149222,5901,5.7755959033966064,189
-6,-1460,577,24,-1248.0388349514562,113.05172413793103,-257096,13114,5.898396015167236,322
-6,-1460,577,24,-1217.8495145631068,113.95192307692308,-250877,11851,5.636108875274658,310
-6,-1460,577,24,-1297.20703125,110.45370370370371,-332085,11929,6.0443809032440186,364
-6,-1460,576,24,-1224.7521367521367,74.09836065573771,-143296,4520,6.0903871059417725,178
-6,-1460,577,24,-1251.3125,61.74074074074074,-140147,5001,6.053699016571045,193
-6,-1460,577,24,-1230.2456140350878,71.03076923076924,-140248,4617,6.0693628787994385,179
-6,-1460,576,24,-1200.017094017094,71.75,-140402,4592,6.069304943084717,181
-6,-1460,576,24,-1170.865671641791,98.74074074074075,-156896,7998,5.781374931335449,215
-6,-1460,577,24,-1252.2758620689656,125.50526315789473,-254212,11923,6.186553955078125,298
-6,-1460,576,24,-1245.3694581280788,120.75510204081633,-252810,11834,5.654099941253662,301
-6,-1460,577,24,-1219.495652173913,78.58928571428571,-140242,4401,6.106856107711792,171
-6,-1460,576,24,-1240.345132743363,74.93333333333334,-140159,4496,6.067400932312012,173
-6,-1460,577,24,-1385.7835723598434,171.0857142857143,-2125792,23952,6.10675311088562,1674
-6,-1460,576,24,-1252.716814159292,65.29729729729729,-141557,4832,6.076775074005127,187
-6,-1460,576,24,-1257.1891891891892,71.01538461538462,-139548,4616,5.893532991409302,176
-6,-1460,576,24,-1229.5701754385964,75.79661016949153,-140171,4472,6.057694911956787,173
-6,-1460,576,24,-1208.7155172413793,63.17948717948718,-140211,4928,6.080219030380249,194
-6,-1460,577,24,-1251.0,73.30645161290323,-140112,4545,6.04342794418335,174
-6,-1460,577,24,-1246.3947368421052,74.25333333333333,-142089,5569,6.086595773696899,189
-6,-1460,943,24,-1383.3927203065134,184.688,-2166393,23086,6.105510950088501,1691
-6,-1460,575,24,-1240.2566371681417,76.67241379310344,-140149,4447,5.958214044570923,171
-6,-1460,576,24,-1226.0344827586207,95.09433962264151,-142220,5040,5.816657781600952,169
-6,-1460,575,24,-1219.304347826087,59.52325581395349,-140220,5119,5.920367002487183,201
-6,-1460,576,24,-1214.747619047619,126.94565217391305,-255097,11679,6.121029853820801,302
-6,-1460,575,24,-1240.8495575221239,70.28787878787878,-140216,4639,5.9736340045928955,179
-9,-1448,1448,24,-1393.1774916657087,220.03164556962025,-12119251,104295,12.183398008346558,9173
-9,-1448,1448,24,-1391.392026578073,214.6228813559322,-12145461,101302,10.1370530128479,9201
-17,-1448,1448,24,-1389.7382721783558,218.77473684210526,-11968426,103918,12.518465042114258,9087
-20,-1448,1448,24,-1392.642766570605,221.59710743801654,-12081176,107253,12.795549869537354,9159
-1,-1448,1448,24,-1393.0506838294448,229.47972972972974,-12120934,101889,11.868186950683594,9145
-1,-1448,1448,3,-1394.9515254917703,204.24618320610688,-13899297,107025,12.744038820266724,10488
-8,-1448,1448,24,-1390.273916035788,222.99116997792495,-12120408,101015,12.093312978744507,9171
-1,-1448,1448,24,-1389.333862553867,204.89390962671905,-12251146,104291,18.160475969314575,9327
-1,-1448,1448,24,-1386.23378920066,204.1627906976744,-11758035,114127,18.59353494644165,9041
-23,-1448,1448,24,-1394.8495456422966,218.83976833976834,-13507723,113359,14.042281150817871,10202
-24,-1448,1448,24,-1377.0162513542796,205.89006342494716,-10167888,97386,11.428771018981934,7857
-8,-1448,1448,24,-1393.5198277815546,227.31521739130434,-12299206,104565,12.178791046142578,9286
-20,-1448,1448,24,-1405.9012970287922,230.82952182952184,-15283553,111029,12.208101987838745,11352
-5,-1460,1448,24,-1399.7038053097344,231.93933463796478,-15816653,118521,12.624629020690918,11811
-12,-1460,1448,24,-1400.826744617669,227.4616935483871,-15095309,112821,12.36376404762268,11272
-24,-1448,1448,24,-1411.21499920723,227.179012345679,-17801066,110409,13.465529203414917,13100
-12,-1448,1448,24,-1409.4812888993933,237.2115768463074,-17890546,118843,13.903846979141235,13194
-24,-1460,1448,24,-1409.5461059190031,223.14007092198582,-22623215,125851,12.649940013885498,16614
-5,-1460,1448,24,-1401.993272335845,209.5873320537428,-15629421,109195,16.39104986190796,11669
-17,-1460,1448,24,-1397.5399879735419,204.76031434184677,-13944654,104223,17.647873878479004,10487
-11,-1460,1448,16,-1399.8481165336798,215.5027624309392,-15087563,117018,19.522593021392822,11321
-2,-1460,1448,3,-1412.083381253594,209.1423487544484,-24556130,117538,14.138538122177124,17952
-1,-1460,1448,24,-1402.6196303901438,203.87362637362637,-17076894,111315,18.390870094299316,12721
-1,-1460,1448,24,-1400.0674403505925,211.7688524590164,-17251631,129179,18.99157214164734,12932
-1,-1460,1448,4,-1402.0937473772556,220.71243042671614,-16705947,118964,16.724446058273315,12454
-24,-1460,1448,24,-1397.8120918081731,210.15168539325842,-14981750,112221,15.975034236907959,11252
-1,-1460,1448,24,-1391.7654667149059,213.01170568561872,-15387359,127381,21.371817111968994,11654
-24,-1460,1448,24,-1393.3923279701846,209.53818827708704,-15328709,117970,21.39343500137329,11564
-24,-1460,1448,24,-1394.8202150124785,205.40609137055839,-14531237,121395,25.837568998336792,11009
-20,-1448,1448,24,-1391.4257925072045,215.68537074148296,-11587794,107627,11.355227947235107,8827
-20,-1448,1448,24,-1386.6639556377079,212.66088631984584,-11252778,110371,15.834130048751831,8634
-9,-1448,1448,24,-1391.3254655910766,222.6261343012704,-13970299,122667,16.815735816955566,10592
-12,-1448,1448,24,-1376.5517799352751,222.8755832037325,-13611344,143309,22.44732904434204,10531
-24,-1448,1448,24,-1380.1278616658549,229.86041666666668,-11333610,110333,13.944054126739502,8692
-17,-1448,1448,24,-1374.5291543465405,209.25535420098848,-11621644,127018,31.652106046676636,9062
-9,-1448,1448,24,-1381.5029837043837,230.57221206581352,-12038417,126123,20.023768186569214,9261
-24,-1448,1448,24,-1388.053264604811,220.9904397705545,-12117705,115578,15.870069980621338,9253
-12,-1460,1448,24,-1383.3610459662289,225.67898832684824,-11797303,115999,18.21298098564148,9042
-11,-1448,1448,24,-1361.040775643349,221.997920997921,-7510223,106781,18.231417894363403,5999
-24,-1448,1448,24,-1382.025437663217,244.5566037735849,-14288761,155538,28.657212018966675,10975
-2,-1460,1448,24,-1377.467013888889,214.32065217391303,-17455262,157740,26.77163290977478,13408
-12,-1460,1448,24,-1376.908948948949,216.51202749140893,-11462767,126010,20.731432914733887,8907
-11,-1460,1448,24,-1396.7631216420993,227.06182380216384,-20278207,146909,22.94844913482666,15165
-15,-1460,1448,24,-1387.6462423522967,214.62333333333333,-15196114,128774,22.719024896621704,11551
-1,-1460,1448,24,-1380.6059724862992,221.94425087108013,-12343998,127396,25.54338312149048,9515
-24,-1460,1448,24,-1370.532244113407,221.4608938547486,-14260388,158566,30.77421283721924,11121
-3,-1448,1448,24,-1399.8805671537925,230.39454545454547,-16093027,126717,12.593770027160645,12046
-8,-1448,1448,24,-1401.746978455071,237.4930693069307,-16005147,119934,12.92182993888855,11923
-23,-1448,1448,3,-1384.286274509804,223.0857740585774,-12001762,106635,14.531368970870972,9148
-6,-1448,1448,24,-1380.782898726501,220.439672801636,-11384555,107795,19.016381978988647,8734
-4,-1448,1448,24,-1392.23911703046,220.5916114790287,-11289667,99928,17.186135053634644,8562
-23,-1448,1448,24,-1385.7111271329009,221.13127413127413,-11531888,114546,11.973111867904663,8840
-24,-1448,1448,24,-1382.2936934734785,222.28073770491804,-11309927,108473,16.923233032226562,8670
-1,-1448,1448,24,-1391.9449830344158,219.51292246520876,-11486330,110415,14.9169020652771,8755
-7,-1448,1448,24,-1385.5,219.2295081967213,-11532902,106984,17.261472940444946,8812
-21,-1448,1448,24,-1386.4498611882289,223.90130353817506,-12484981,120235,17.892247915267944,9542
-15,-1448,1448,24,-1390.3837119113573,215.46052631578948,-12548213,114625,18.10016393661499,9557
-15,-1448,1448,24,-1403.1289780681288,210.61232604373757,-15034527,105938,15.985567092895508,11218
-24,-1448,1448,24,-1399.51359832636,222.37291666666667,-14717285,106739,18.89459204673767,10996
-24,-1448,1448,24,-1402.0371585668677,221.36327345309383,-15809371,110903,18.445531129837036,11777
-15,-1448,1448,3,-1399.040041260315,217.1801242236025,-14919363,104898,12.34831190109253,11147
-20,-1448,1448,24,-1402.8369953051642,221.32217573221757,-14940214,105792,11.135238885879517,11128
-20,-1448,1448,24,-1401.290116374365,225.69230769230768,-17098542,120294,17.83707904815674,12735
-16,-1448,1448,24,-1397.5148771021993,217.32702237521514,-16204185,126267,15.62258791923523,12176
-12,-1448,1448,24,-1389.7022049056939,219.90664556962025,-15693907,138981,22.960736989974976,11925
-12,-1448,1448,24,-1406.4550698239223,224.89833641404806,-18531452,121670,19.489736080169678,13717
-12,-1448,1448,24,-1368.1966002914037,219.35724137931035,-14085584,159034,33.93982696533203,11020
-16,-1448,1448,24,-1378.0068929863864,225.055330634278,-15993148,166766,35.279946088790894,12347
-24,-1448,1448,24,-1363.8388900182963,224.3201581027668,-13417447,170259,46.52653098106384,10597
-22,-1448,1448,24,-1399.7067600764262,212.1447619047619,-15384177,111376,15.54267406463623,11516
-2,-1448,1448,24,-1395.043984962406,227.279792746114,-14843268,131595,20.243327140808105,11219
-20,-1448,1448,24,-1388.1015633662269,210.82504604051564,-12519288,114478,13.34578800201416,9562
-24,-1448,1448,24,-1385.884807846277,203.7955223880597,-13847761,136543,49.946696043014526,10662
-24,-1448,1448,24,-1380.4415181138586,214.4332129963899,-12002939,118796,20.82445192337036,9249
-15,-1448,1448,24,-1403.2526789874205,216.9945945945946,-18071088,120432,15.36593508720398,13433
-24,-1448,1448,24,-1395.587635793482,214.5,-12461202,99957,13.352854013442993,9395
-2,-1448,1448,3,-1394.1686930091184,232.2756264236902,-11925719,101969,12.343143939971924,8993
-14,-1448,1448,24,-1391.1403071269197,221.38695652173914,-10599098,101838,11.838134050369263,8079
-15,-1448,1448,24,-1401.4543405751374,215.8921933085502,-15546333,116150,13.916300058364868,11631
-24,-1448,1448,24,-1408.7332480117013,220.51380042462844,-15410133,103862,13.301482915878296,11410
-15,-1448,1448,24,-1401.5268069222939,229.10133843212236,-16521198,119820,12.957978963851929,12311
-15,-1448,1448,24,-1400.1588821961095,225.67735042735043,-14179409,105617,12.080925941467285,10595
-24,-1448,1448,24,-1405.9087865351553,223.51209677419354,-15536698,110862,12.346508979797363,11547
-3,-1460,1448,24,-1398.7866023660613,237.89703315881326,-18563297,136315,12.437118768692017,13844
-20,-1448,1448,24,-1405.1493584260052,226.85287846481876,-16426196,106394,12.22045612335205,12159
-8,-1460,1448,24,-1386.9002205071665,229.16356107660457,-12579185,110686,11.802965879440308,9553
-15,-1460,1448,24,-1395.6594809543742,239.52714932126696,-13336922,105871,12.902343034744263,9998
-8,-1448,1448,24,-1395.2665763468283,216.8904109589041,-17507805,126664,13.682011842727661,13132
-10,-1448,1448,24,-1383.1612823369228,224.5426695842451,-11174560,102616,14.851179838180542,8536
-24,-1448,1448,24,-1383.2068113869752,226.33540372670808,-10641010,109320,17.019041061401367,8176
-24,-1448,1448,24,-1384.1762720340043,217.6501079913607,-11072026,100772,23.457338094711304,8462
-2,-1448,1448,24,-1376.4875117813383,209.22743682310468,-11683626,115912,14.083158016204834,9042
-7,-1448,1448,24,-1383.9167860553964,222.14949494949494,-11591687,109964,13.394235849380493,8871
-13,-1448,1448,24,-1378.9445298639857,211.8651911468813,-11658976,105297,16.64771795272827,8952
-24,-1448,1448,24,-1391.2604530598444,230.3658536585366,-12344654,103895,11.17117190361023,9324
-15,-1448,1448,24,-1396.8335782153001,235.1030303030303,-14260274,116376,10.746790885925293,10704
-11,-1448,1448,24,-1390.3252713544125,234.39277652370203,-11784397,103836,11.030976057052612,8919
-24,-1448,1448,24,-1388.8758843986088,211.76170212765956,-11581836,99528,16.507164001464844,8809
-5,-1448,1448,24,-1376.5270668710932,232.04255319148936,-11671573,109060,10.693340063095093,8949
-15,-1448,1448,24,-1386.8184062059238,220.4009009009009,-11799051,97858,12.666900157928467,8952
-24,-1448,743,24,-892.4975369458128,142.36428571428573,-181177,19931,6.8280189037323,343
-24,-1448,513,24,-695.2970297029703,117.08333333333333,-70225,8430,6.082223892211914,173
-24,-1448,742,24,-829.165991902834,167.82978723404256,-204804,23664,6.053623199462891,388
-23,-1448,1235,24,-977.7562724014336,171.24305555555554,-272794,24659,5.9487199783325195,423
-24,-1448,742,24,-807.1827956989247,143.88349514563106,-150136,14820,5.790514945983887,289
-13,-1448,742,24,-1350.2672209026127,143.96819787985865,-3410775,40743,5.803843021392822,2809
-31,-1448,513,24,-640.1847826086956,88.55555555555556,-58897,5579,6.037394046783447,155
-24,-1448,743,24,-872.5194805194806,154.6081081081081,-201552,22882,6.503723859786987,379
-24,-1448,513,24,-879.3419689119171,125.68932038834951,-169713,12946,5.765492916107178,296
-24,-1448,957,24,-869.1029411764706,144.704,-177297,18088,5.805234909057617,329
-24,-1448,743,24,-894.2181818181818,151.46017699115043,-98364,17115,6.400164842605591,223
-24,-1448,743,24,-567.0454545454545,130.28155339805826,-74850,13419,5.880414962768555,235
-31,-1448,742,24,-628.2321428571429,123.16981132075472,-70362,13056,5.33358097076416,218
-24,-1448,743,24,-679.1367521367522,137.4950495049505,-79459,13887,5.878856897354126,218
-23,-1448,935,24,-930.125,179.31782945736435,-200907,23132,5.5835511684417725,345
-31,-1448,513,24,-646.6483516483516,85.5909090909091,-58845,5649,5.970314025878906,157
-24,-1448,743,24,-822.0286885245902,165.34265734265733,-200575,23644,5.520092964172363,387
-24,-1448,513,24,-692.0434782608696,103.58947368421053,-79585,9841,6.661172866821289,210
-31,-1448,743,24,-658.58,157.68316831683168,-98787,15926,6.186646938323975,251
-24,-1448,742,24,-729.5514018691589,158.8,-78062,14292,5.577157974243164,197
-8,-1448,513,24,-1367.7808814400994,176.88815789473685,-2203495,26887,9.443848133087158,1763
-24,-1448,943,24,-1332.3825588796944,202.63694267515925,-2093173,31814,5.89058780670166,1728
-12,-1448,943,24,-1330.409669211196,189.38888888888889,-2091404,30681,5.8786821365356445,1734
-24,-1448,513,24,-678.1368421052632,108.01666666666667,-64423,6481,5.939419984817505,155
-16,-1448,742,24,-1331.3297118564005,132.87280701754386,-2818425,30295,6.159411907196045,2345
-24,-1448,743,24,-650.1779661016949,169.7710843373494,-76721,14091,6.022964000701904,201
-18,-1448,742,24,-830.4494382022472,150.46464646464648,-147820,14896,5.897320985794067,277
-24,-1448,742,24,-887.6243902439024,176.6595744680851,-181963,16606,6.056164979934692,299
-24,-1448,943,24,-1334.3440916189484,153.02051282051283,-2563275,29839,5.9114861488342285,2116
-24,-1448,743,24,-1042.0646766169154,160.65131578947367,-209455,24419,6.266206979751587,353
-24,-1448,513,24,-778.688,124.53535353535354,-97336,12329,6.13353419303894,224
-24,-1448,743,24,-573.04375,156.8090909090909,-91687,17249,5.706843137741089,270
-24,-1448,870,24,-842.7302325581395,167.0,-181187,19372,6.347890853881836,331
-24,-1448,742,24,-654.3145161290323,151.42105263157896,-81135,14385,6.553577899932861,219
-24,-1448,1208,24,-1274.1091703056768,177.21153846153845,-583542,18430,6.491330862045288,562
-24,-1448,743,24,-1334.4304461942256,144.59701492537314,-2033672,29064,14.385733127593994,1725
-24,-1448,743,24,-1343.147327249022,198.14285714285714,-2060388,23579,6.139837980270386,1653
-24,-1448,744,24,-651.6967213114754,151.0215053763441,-79507,14045,5.411926984786987,215
-24,-1448,743,24,-1373.424922600619,142.41587301587302,-5323395,44861,8.791976928710938,4191
-24,-1448,743,24,-843.7772277227723,162.22,-170443,16222,6.154432058334351,302
-24,-1448,744,24,-1332.4496062992125,136.95454545454547,-1692211,24104,14.840945959091187,1446
-24,-1448,1448,24,-665.1691176470588,124.39716312056737,-90463,17540,13.744633913040161,277
-24,-1448,935,24,-684.4253731343283,154.86666666666667,-91713,16261,6.1719560623168945,239
-24,-1448,513,24,-693.4678899082569,100.01136363636364,-75588,8801,6.211667060852051,197
-31,-1448,744,24,-626.1724137931035,243.76363636363635,-72636,13407,6.749261856079102,171
-24,-1448,513,24,-911.5895953757225,110.24,-157705,11024,7.816901922225952,273
-31,-1448,513,24,-694.1574803149606,127.60526315789474,-88158,9698,5.923601150512695,203
-24,-1448,746,24,-1292.3872157344806,136.35099337748343,-2102714,41178,26.403212070465088,1929
-24,-1448,513,24,-774.2916666666666,130.7560975609756,-92915,10722,5.607335090637207,202
-24,-1448,1200,24,-876.7142857142857,158.41489361702128,-147288,14891,6.048769950866699,262
-31,-1448,742,24,-620.2777777777778,125.73033707865169,-66990,11190,5.542294025421143,197
-24,-1448,943,24,-852.1367924528302,177.1891891891892,-180653,19668,7.089142084121704,323
-31,-1448,743,24,-666.8380952380952,120.07142857142857,-70018,11767,6.571667194366455,203
-24,-1448,743,24,-717.8661971830986,135.38345864661653,-101937,18006,5.61733603477478,275
-24,-1448,743,24,-815.8835978835979,164.44554455445544,-154202,16609,5.720981121063232,290
-24,-1448,513,24,-796.3536585365854,107.69117647058823,-65301,7323,6.037855863571167,150
-31,-1448,513,24,-660.5,82.94202898550725,-58124,5723,6.563361883163452,157
-31,-1448,943,24,-605.3511450381679,292.46,-79301,14623,7.8354198932647705,181
-31,-1448,1428,24,-627.3666666666667,193.33734939759037,-75284,16047,6.041122913360596,203
-31,-1448,513,24,-603.5052631578948,78.38709677419355,-57333,4860,5.840337038040161,157
-31,-1448,1275,24,-518.0141843971631,136.61682242990653,-73040,14618,7.769804954528809,248
-31,-1448,936,24,-870.5818181818182,132.67961165048544,-143646,13666,8.174942970275879,268
-31,-1448,743,24,-838.1960784313726,140.27184466019418,-85496,14448,6.240133047103882,205
-24,-1448,1407,24,-1357.1751227495909,144.18545454545455,-4146170,39651,6.0309998989105225,3330
-24,-1448,745,24,-1323.514542936288,174.4311377245509,-1911155,29130,8.81663203239441,1611
-24,-1448,513,24,-1351.2534153005465,142.6969696969697,-1978235,14127,10.746688842773438,1563
-23,-1448,513,24,-1328.2176656151419,148.48031496062993,-1263135,18857,10.563469171524048,1078
-24,-1448,870,24,-907.004854368932,167.888,-186843,20986,6.322705984115601,331
-31,-1448,743,24,-871.0363636363636,148.6413043478261,-143721,13675,5.760035037994385,257
-5,-1448,745,24,-1360.6517769807629,177.79841897233203,-4173119,44983,20.08427381515503,3320
-1,-1448,1208,24,-1334.974547023296,147.97551020408164,-3094471,36254,5.793368101119995,2563
-24,-1448,936,24,-992.952380952381,180.20338983050848,-271076,21264,5.982141017913818,391
-24,-1448,743,24,-945.1990521327015,161.472,-199437,20184,6.319976091384888,336
-31,-1448,971,24,-667.0849056603773,145.4516129032258,-70711,13527,7.25321888923645,199
-31,-1448,743,24,-651.2592592592592,134.6818181818182,-70336,11852,5.839668035507202,196
-5,-1428,513,24,-951.8418079096045,123.94059405940594,-168476,12518,6.069966793060303,278
-31,-1448,742,24,-589.1680672268908,134.1098901098901,-70111,12204,5.4043920040130615,210
-24,-1448,743,24,-1032.7086330935251,174.20408163265307,-287093,25608,6.011167049407959,425
-31,-1448,513,24,-752.8448275862069,114.7710843373494,-87330,9526,6.054136037826538,199
-24,-1448,741,24,-1337.1252396166135,177.96129032258065,-2092601,27584,5.717258930206299,1720
-24,-1448,935,24,-796.8066298342542,134.6851851851852,-144222,14546,5.736695051193237,289
-6,-1448,744,24,-1347.1283422459894,134.25093632958803,-3274869,35845,5.6448469161987305,2698
-31,-1448,513,24,-806.2439024390244,100.92307692307692,-132224,6560,5.884640216827393,229
-31,-1448,513,24,-768.9122807017544,111.41379310344827,-87656,9693,6.000112056732178,201
-31,-1448,743,24,-854.4880952380952,138.69072164948454,-143554,13453,5.87554407119751,265
-31,-1448,742,24,-557.9291338582677,148.07142857142858,-70857,12438,5.923202991485596,211
-31,-1448,513,24,-654.6555555555556,79.05405405405405,-58919,5850,6.50670599937439,164
-31,-1448,742,24,-610.0701754385965,133.0,-69548,12369,5.99562406539917,207
-31,-1448,742,24,-562.0,139.69791666666666,-71374,13411,5.859859943389893,223
-24,-1448,513,24,-556.4251968503937,96.71578947368421,-70666,9188,7.7098870277404785,222
-31,-1364,513,24,-547.3867924528302,100.89473684210526,-58023,5751,5.813427925109863,163
-31,-1448,742,24,-659.5033112582781,170.1734693877551,-99585,16677,5.807617902755737,249
-24,-1448,743,24,-866.637168141593,175.3968253968254,-195860,22100,5.486378908157349,352
-31,-1448,742,24,-748.8045112781955,184.26966292134833,-99591,16400,5.582409858703613,222
-31,-1448,870,24,-816.3372093023256,147.1123595505618,-70205,13093,5.5895609855651855,175
-31,-1448,742,24,-744.0075187969925,158.37623762376236,-98953,15996,6.506800889968872,234
-31,-1448,742,24,-551.8095238095239,151.4875,-69528,12119,5.585577011108398,206
-24,-1448,743,24,-1341.7498327759197,176.53205128205127,-2005916,27539,6.085083961486816,1651
-31,-1448,743,24,-537.1526717557252,157.04761904761904,-70367,13192,5.782875061035156,215
-31,-1448,513,24,-566.5480769230769,75.54430379746836,-58921,5968,6.160215139389038,183
-24,-1448,1398,24,-1326.9691848906562,138.65829145728642,-1334931,27593,13.946737051010132,1205
-24,-1448,1398,24,-1328.6043613707166,116.25581395348837,-1279446,19996,14.073861837387085,1135
-24,-1448,1398,24,-1367.3190578158458,123.27702702702703,-1277076,18245,9.301694869995117,1082
-24,-1448,1271,24,-1338.0530612244897,153.0261437908497,-1311292,23413,9.301964044570923,1133
-24,-1448,1398,24,-1361.5540106951871,138.20472440944883,-1273053,17552,8.614010095596313,1062
-23,-1448,1398,24,-1345.9522918615528,181.60555555555555,-1438823,32689,8.960000038146973,1249
-24,-1448,1296,24,-1344.1710388247639,126.68666666666667,-1280995,19003,9.222004890441895,1103
-24,-1448,1398,24,-1371.840471092077,142.15441176470588,-1281299,19333,8.811176061630249,1070
-24,-1448,1398,24,-1348.0663414634146,130.951871657754,-1381768,24488,9.105529069900513,1212
-24,-1448,1295,24,-1345.0588235294117,149.21965317919074,-1394826,25815,9.369350910186768,1210
-24,-1448,1181,24,-1327.6471774193549,151.0759493670886,-1317026,23870,8.884944200515747,1150
-24,-1460,1026,24,-1347.7270992366412,152.91489361702128,-1412418,28748,9.137276887893677,1236
-24,-1448,1271,24,-1368.611903791276,172.62926829268292,-3357205,35389,9.263175010681152,2658
-24,-1448,1398,24,-1338.6495815899582,128.6,-1279749,19290,9.306232929229736,1106
-24,-1448,1398,24,-1357.1859723698194,132.6,-1277112,18564,8.377408981323242,1081
-24,-1448,1181,24,-1360.178496868476,138.80588235294118,-1303051,23597,8.766479969024658,1128
-24,-1448,1398,24,-1360.3748668796593,142.40625,-1277392,18228,8.969836950302124,1067
-24,-1448,1398,24,-1337.0288362512874,137.72794117647058,-1298255,18731,8.766726016998291,1107
-24,-1448,1398,24,-1329.4679849340866,155.19689119170985,-1411895,29953,8.745975971221924,1255
-24,-1448,1398,24,-1370.3323529411764,146.67613636363637,-1397739,25815,7.920775890350342,1196
-24,-1448,1398,24,-1354.3945701357466,167.54644808743168,-1496606,30661,9.426586151123047,1288
-24,-1448,1398,24,-1334.0457317073171,137.5792349726776,-1312701,25177,15.043859958648682,1167
-24,-1448,1398,24,-1360.0251308900524,143.0764331210191,-1298824,22463,14.489896059036255,1112
-24,-1448,1398,24,-1347.9264705882354,142.68115942028984,-1283226,19690,8.919480085372925,1090
-24,-1448,1398,24,-1357.4893203883496,156.01190476190476,-1398214,26210,9.355858087539673,1198
-24,-1448,1398,24,-1354.7468085106384,141.1451612903226,-1273462,17502,9.198571920394897,1064
-24,-1448,1398,24,-1359.4731861198738,153.37956204379563,-1292859,21013,9.297674179077148,1088
-24,-1448,1398,24,-1362.100742311771,148.4814814814815,-1284461,20045,8.950527906417847,1078
-24,-1448,1157,24,-1380.0119983450559,174.69026548672565,-3335489,39480,9.6162588596344,2643
-24,-1448,1398,24,-1330.0449438202247,151.88666666666666,-1302114,22783,9.234189987182617,1129
-24,-1448,1398,24,-1323.7628968253969,148.9672131147541,-1334353,27261,9.256266117095947,1191
-24,-1448,1398,24,-1380.9899159663867,196.35714285714286,-3286756,35737,10.879978895187378,2562
-24,-1448,1398,24,-1341.7275574112734,162.53846153846155,-1285375,21130,9.416007041931152,1088
-24,-1448,1271,24,-1379.4263402279444,172.2689075630252,-3267861,41000,12.612694025039673,2607
-24,-1448,1295,24,-1372.3049040511728,156.70542635658916,-1287222,20215,9.573376178741455,1067
-23,-1448,1179,24,-1353.8735521235521,158.05357142857142,-1402613,26553,8.339600086212158,1204
-24,-1448,1398,24,-1366.3285714285714,149.94736842105263,-1912860,28490,9.139209032058716,1590
-24,-1448,733,24,-1378.7726843100188,173.4771573604061,-2917483,34175,9.340564966201782,2313
-24,-1448,1398,24,-1377.7376980817348,173.57746478873239,-3303815,36972,14.52920389175415,2611
-24,-1448,1398,24,-1363.5282051282052,176.69124423963135,-2392992,38342,9.965158939361572,1972
-24,-1448,677,24,-1357.3139820114473,159.99465240641712,-1659995,29919,11.0312180519104,1410
-24,-1448,1181,24,-1364.428270042194,155.21374045801528,-1293478,20333,10.572726964950562,1079
-24,-1448,1296,24,-1359.558670820353,148.92105263157896,-1309255,22636,9.34310007095337,1115
-24,-1448,1398,24,-1393.7619675010978,204.59166666666667,-3173596,24551,9.723723888397217,2397
-24,-1448,1398,24,-1378.8915120854413,166.07386363636363,-2453048,29229,9.500155925750732,1955
-24,-1448,1160,24,-1355.0031512605042,140.125,-1289963,21299,9.223323106765747,1104
-24,-1448,1398,24,-1355.8977635782749,125.50354609929079,-1273188,17696,9.6735520362854,1080
-24,-1448,1398,24,-1351.789046653144,151.43169398907105,-1332864,27712,8.814218997955322,1169
-24,-1448,844,24,-1341.115625,148.94482758620688,-1287471,21597,8.209466934204102,1105
-24,-1448,1398,24,-1355.9865005192107,144.8962962962963,-1305815,19561,9.361939907073975,1098
-3,-1448,1398,24,-1337.821105527638,144.42690058479533,-1331132,24697,9.007177114486694,1166
-24,-1448,1398,24,-1348.2885624344176,140.76119402985074,-1284919,18862,8.723356008529663,1087
-24,-1448,1398,24,-1355.4220085470085,129.36764705882354,-1268675,17594,8.862197875976562,1072
-24,-1448,1398,24,-1382.9254422914912,157.64423076923077,-3283065,32790,8.601741075515747,2582
-24,-1448,1398,24,-1364.3843683083512,139.072,-1274335,17384,8.963038921356201,1059
-24,-1448,1230,24,-1368.7763440860215,139.216,-1272962,17402,8.559902906417847,1055
-24,-1448,1398,24,-1356.4372340425532,141.34959349593495,-1275051,17386,9.117816925048828,1063
-24,-1448,1398,24,-1356.718651211802,140.82191780821918,-1287526,20560,7.849808931350708,1095
-24,-1448,691,24,-1353.0645161290322,139.10638297872342,-1300295,19614,8.949605941772461,1102
-24,-1448,1398,24,-1388.981084489281,166.44298245614036,-3304386,37949,9.541659116744995,2607
-24,-1448,1398,24,-1344.875789473684,131.67375886524823,-1277632,18566,9.368113040924072,1091
-24,-1448,1398,24,-1352.938689217759,143.6060606060606,-1279880,18956,8.981740951538086,1078
-24,-1448,1398,24,-1369.041237113402,181.54017857142858,-3319925,40665,11.30209493637085,2649
-24,-1448,1181,24,-1384.7815640017475,161.29166666666666,-3169765,30968,8.875570058822632,2481
-24,-1448,1398,24,-1338.9842041312272,166.44392523364485,-2203968,35619,9.45270299911499,1860
-24,-1448,1398,24,-1375.4432432432432,145.68067226890756,-1272285,17336,9.367233991622925,1044
-24,-1448,1398,24,-1368.7928286852589,204.69677419354838,-2404969,31728,14.29614806175232,1912
-24,-1448,1398,24,-1343.3801652892562,151.5430463576159,-1300392,22883,8.465945959091187,1119
-24,-1460,1160,24,-1350.6656976744187,158.25,-1393887,26586,9.497155904769897,1200
-24,-1448,1398,24,-1376.0119760479042,198.79285714285714,-2297940,27831,12.567546129226685,1810
-24,-1448,885,24,-1362.7489406779662,151.33582089552237,-1286435,20279,9.10332989692688,1078
-24,-1448,1398,24,-1341.0763673890608,139.7846153846154,-1299503,18172,9.362784147262573,1099
-24,-1448,1398,24,-1384.253355704698,170.4703196347032,-3300060,37333,14.295491933822632,2603
-24,-1448,1398,24,-1375.116129032258,135.992700729927,-1278858,18631,9.7137291431427,1067
-24,-1448,1398,24,-1361.857754010695,140.91056910569105,-1273337,17332,8.933917999267578,1058
-24,-1448,885,24,-1344.7360084477298,120.82432432432432,-1273465,17882,8.639852046966553,1095
-24,-1448,1181,24,-1333.5048828125,136.27011494252875,-1365509,23711,10.216201066970825,1198
-24,-1448,1157,24,-1386.2745591939547,164.61818181818182,-3302106,36216,9.29928994178772,2602
-24,-1448,1295,24,-1353.2881355932204,132.62857142857143,-1277504,18568,8.53000783920288,1084
-2,-1448,1398,24,-1344.4383838383837,146.60119047619048,-1330994,24629,8.892102003097534,1158
-24,-1448,1398,24,-1386.1255319148936,156.64141414141415,-3257395,31015,9.08838701248169,2548
-24,-1448,1398,24,-1363.3048128342245,132.84057971014494,-1274690,18332,9.208222150802612,1073
-24,-1448,1398,24,-1348.520127118644,126.90647482014388,-1273003,17640,8.657503128051758,1083
-24,-1448,1160,24,-1324.262176165803,146.0487804878049,-1277913,17964,12.053570032119751,1088
-24,-1448,1398,24,-1331.996186844614,135.15736040609136,-1397264,26626,8.983119010925293,1246
-24,-1448,1398,24,-1335.2317948717948,147.1578947368421,-1301851,22368,8.64860200881958,1127
-24,-1448,1398,24,-1369.8406889128096,137.55555555555554,-1272582,17332,9.158683061599731,1055
-24,-1448,1398,24,-1345.8607329842932,147.39716312056737,-1285297,20783,8.230648040771484,1096
-24,-1448,1181,24,-1352.4671610169491,140.71875,-1276729,18012,8.843355894088745,1072
-24,-1448,1398,24,-1345.0236625514403,144.75776397515529,-1307363,23306,9.130565881729126,1133
-24,-1448,1181,24,-1344.7444561774023,143.63333333333333,-1273473,17236,9.258645057678223,1067
-24,-1448,800,24,-1359.625,140.20967741935485,-1272609,17386,8.860460042953491,1060
-24,-1448,1398,24,-1330.4195223260645,124.75471698113208,-1281194,19836,13.910725116729736,1122
-24,-1448,1398,24,-1343.0252631578946,137.55555555555554,-1275874,17332,9.148714065551758,1076
-24,-1448,1398,24,-1355.70625,131.2528735632184,-1301478,22838,9.333643913269043,1134
-24,-1448,1398,24,-1356.856243441763,142.296,-1293084,17787,9.186470031738281,1078
-24,-1448,1209,24,-1349.5637305699481,160.07462686567163,-1302329,21450,8.429902076721191,1099
-24,-1448,1398,24,-1382.5622950819672,178.8436018957346,-3373452,37736,8.963602066040039,2651
-24,-1448,1398,24,-1342.3064182194616,138.70866141732284,-1296668,17616,7.939960956573486,1093
-24,-1448,1181,24,-1346.0815738963531,150.05714285714285,-1402617,26260,9.359066009521484,1217
-24,-1428,513,24,-938.1025641025641,90.36486486486487,-36586,6687,7.502420902252197,113
-24,-1448,513,24,-1184.4117647058824,72.80833333333334,-120810,8737,7.88582706451416,222
-24,-1428,513,24,-1144.2178217821781,96.99065420560747,-115566,10378,8.69334602355957,208
-31,-1363,404,24,-463.9,43.13333333333333,-4639,3235,6.773568153381348,85
-31,-1363,404,24,-371.14285714285717,32.21590909090909,-2598,2835,7.0628662109375,95
-24,-1428,513,24,-1398.4014285714286,123.9041095890411,-1957762,18090,8.53356385231018,1546
-31,-1363,404,24,-492.2,32.310344827586206,-2461,2811,6.823437929153442,92
-24,-1428,513,24,-697.3333333333334,57.4054054054054,-12552,4248,7.253651142120361,92
-24,-1428,513,24,-1391.295340050378,149.4593023255814,-2209377,25707,9.17353105545044,1760
-24,-1428,513,24,-519.4827586206897,59.48421052631579,-15065,5651,8.301276922225952,124
-24,-1448,943,24,-1392.5745257452575,149.93714285714285,-2055440,26239,8.746927976608276,1651
-24,-1448,513,24,-1394.2846715328467,116.90551181102362,-1528136,14847,8.66361379623413,1223
-31,-1364,404,24,-321.0,31.53125,-2568,3027,6.9318859577178955,104
-24,-1428,513,24,-859.2368421052631,75.21238938053098,-32651,8499,8.210149049758911,151
-24,-1448,943,24,-1391.8962199312714,144.020979020979,-2025209,20595,7.680008172988892,1598
-24,-1428,513,24,-866.8064516129032,78.45744680851064,-26871,7375,7.547077178955078,125
-24,-1364,404,24,-365.6666666666667,35.85245901639344,-3291,2187,7.555738925933838,70
-24,-1428,513,24,-1397.174820143885,130.176,-1942073,16272,8.106813907623291,1515
-24,-1428,404,24,-704.7,36.31111111111111,-7047,3268,7.97366189956665,100
-24,-1428,513,24,-643.4545454545455,40.98936170212766,-7078,3853,7.493261098861694,105
-24,-1428,513,24,-704.7,44.74025974025974,-7047,3445,7.253427982330322,87
-5,-1448,513,24,-1345.0574506283663,111.71333333333334,-749197,16757,9.391604900360107,707
-31,-1428,513,24,-941.0,77.94047619047619,-31994,6547,7.0669379234313965,118
-24,-1428,513,24,-1178.1186440677966,108.01550387596899,-139018,13934,8.16202998161316,247
-24,-1363,404,24,-481.1818181818182,41.083333333333336,-5293,3451,7.00214695930481,95
-24,-1428,513,24,-969.725,82.17117117117117,-38789,9121,8.613432884216309,151
-31,-1363,404,24,-263.0,32.71084337349398,-2630,2715,6.960058927536011,93
-24,-1428,513,24,-689.625,62.91860465116279,-16551,5411,7.4401161670684814,110
-24,-1428,513,24,-1030.1641791044776,70.84920634920636,-69021,8927,9.042856931686401,193
-24,-1428,513,24,-1161.7358490566037,112.92307692307692,-123144,11744,7.893594026565552,210
-24,-1428,513,24,-555.2142857142857,41.943820224719104,-7773,3733,8.287925958633423,103
-24,-1448,513,24,-1227.8823529411766,99.64189189189189,-229614,14747,9.573570013046265,335
-23,-1428,513,24,-1139.8166666666666,103.4,-136778,12925,9.173424005508423,245
-24,-1448,513,24,-1396.8539244186047,126.30327868852459,-1922071,15409,9.2378990650177,1498
-24,-1428,513,24,-637.258064516129,71.17777777777778,-19755,6406,8.254884004592896,121
-24,-1428,513,24,-1149.495867768595,105.25373134328358,-139089,14104,9.176286220550537,255
-24,-1448,513,24,-1366.631343283582,112.89473684210526,-915643,15015,9.038743019104004,803
-24,-1428,513,24,-1007.1666666666666,96.60655737704919,-60430,11786,7.71228289604187,182
-24,-1448,513,24,-1149.0056497175142,111.46969696969697,-203374,14714,9.161362886428833,309
-23,-1428,513,24,-1392.1339894019682,149.07692307692307,-1839009,17442,9.455265045166016,1438
-24,-1428,513,24,-704.6,46.49295774647887,-7046,3301,7.7158849239349365,81
-23,-1428,513,24,-1391.8419560595323,125.20945945945945,-1963889,18531,8.959977149963379,1559
-24,-1448,513,24,-1368.8278481012658,105.51677852348993,-1081374,15722,8.511523008346558,939
-24,-1460,513,24,-1357.7992766726943,115.30434782608695,-750863,13260,8.42686414718628,668
-24,-1448,943,24,-1387.7720739219712,142.91666666666666,-2027535,22295,8.533586025238037,1617
-24,-1428,513,24,-772.6060606060606,64.0952380952381,-25496,6730,7.743476867675781,138
-24,-1448,513,24,-1354.3599257884973,116.16911764705883,-730000,15799,9.830551862716675,675
-24,-1428,513,24,-614.421052631579,51.7752808988764,-11674,4608,7.836819887161255,108
-24,-1448,513,24,-1187.5416666666667,98.38983050847457,-142505,11610,7.631845951080322,238
-24,-1428,513,24,-1184.6565656565656,86.0695652173913,-117281,9898,8.16485595703125,214
-24,-1428,513,24,-968.3518518518518,89.02439024390245,-52291,10950,7.554303884506226,177
-24,-1428,513,24,-925.2,78.42622950819673,-37008,9568,7.39704704284668,162
-24,-1428,513,24,-1399.7712842712842,136.10569105691056,-1940083,16741,7.893549919128418,1509
-31,-1428,513,24,-996.75,72.72043010752688,-31896,6763,6.906826972961426,125
-24,-1428,513,24,-924.2413793103449,65.20869565217392,-26803,7499,9.227057933807373,144
-24,-1428,513,24,-796.3448275862069,67.4020618556701,-23094,6538,7.736849069595337,126
-24,-1428,513,24,-1047.179487179487,89.06741573033707,-40840,7927,6.836556911468506,128
-31,-1364,404,24,-333.625,32.406976744186046,-2669,2787,6.960210084915161,94
-24,-1428,513,24,-1143.6754385964912,94.38095238095238,-130379,11892,8.25023889541626,240
-24,-1428,404,24,-643.9090909090909,35.787234042553195,-7083,3364,7.083625078201294,105
-31,-1362,404,24,-209.30769230769232,35.12307692307692,-2721,2283,7.313632965087891,78
-24,-1448,943,24,-1395.9489655172413,131.26875,-2024126,21003,8.746701002120972,1610
-12,-1448,943,24,-1393.179381443299,135.51592356687897,-2027076,21276,8.53351902961731,1612
-24,-1428,513,24,-1392.5974770642201,132.25531914893617,-1214345,12432,9.199537992477417,966
-24,-1428,513,24,-1030.295081967213,103.75,-62848,12450,9.253665208816528,181
-24,-1428,513,24,-1143.1592920353983,113.96969696969697,-129177,11283,8.60509204864502,212
-24,-1460,513,24,-1394.2063037249284,129.0859375,-1946312,16523,9.706865072250366,1524
-24,-1448,684,24,-1377.2623211446742,157.45384615384614,-1732596,20469,9.721288919448853,1388
-24,-1428,513,24,-1291.4418604651162,115.825,-222128,13899,7.315284967422485,292
-24,-1428,513,24,-1400.474175035868,117.13698630136986,-1952261,17102,8.533353090286255,1540
-31,-1428,513,24,-1418.4748822605966,101.97619047619048,-1807137,4283,9.280328035354614,1316
-24,-1428,513,24,-932.6666666666666,76.60909090909091,-33576,8427,7.602905988693237,146
-24,-1428,513,24,-791.3793103448276,64.22826086956522,-22950,5909,8.240001916885376,121
-24,-1448,543,24,-1159.6467065868264,107.7410071942446,-193661,14976,8.358474016189575,306
-3,-1428,513,24,-1275.5397727272727,107.91150442477876,-224495,12194,6.907002925872803,289
-24,-1448,943,24,-1391.0082417582419,138.42,-2025308,20763,8.320240020751953,1606
-24,-1428,513,24,-707.2727272727273,61.5125,-15560,4921,6.746954917907715,102
-31,-1364,404,24,-328.625,32.21590909090909,-2629,2835,6.9600560665130615,96
-24,-1362,404,24,-339.6,32.50588235294118,-3396,2763,8.690267086029053,95
-12,-1448,543,24,-1390.0612833453497,121.0,-1928015,18029,9.256310939788818,1536
-31,-1363,404,24,-325.625,32.81707317073171,-2605,2691,6.82669997215271,90
-31,-1363,404,24,-292.8888888888889,32.50588235294118,-2636,2763,6.7074408531188965,94
-24,-1428,513,24,-1393.6333572969088,125.75396825396825,-1938544,15845,8.547632932662964,1517
-31,-1363,404,24,-415.3333333333333,33.51315789473684,-2492,2547,6.906702995300293,82
-31,-1364,404,24,-333.625,34.183098591549296,-2669,2427,6.90701699256897,79
-31,-1364,404,24,-421.8333333333333,33.38961038961039,-2531,2571,6.826954126358032,83
-31,-1364,404,24,-329.75,33.151898734177216,-2638,2619,7.14669394493103,87
-24,-1448,943,24,-1392.2524071526823,138.42,-2024335,20763,7.68012809753418,1604
-31,-1364,404,24,-329.625,32.925925925925924,-2637,2667,8.226871013641357,89
-24,-1428,513,24,-1400.7907647907648,119.51127819548873,-1941496,15895,7.9108359813690186,1519
-31,-1364,404,24,-295.6666666666667,34.041666666666664,-2661,2451,7.0643839836120605,81
-31,-1364,404,24,-273.0,31.858695652173914,-2730,2931,13.813537836074829,102
-24,-1448,513,24,-1136.1869158878505,89.1171875,-121572,11407,7.524609804153442,235
-31,-1428,513,24,-1059.9666666666667,79.29213483146067,-31799,7057,6.8000710010528564,119
-31,-1364,404,24,-242.63636363636363,32.50588235294118,-2669,2763,7.040157079696655,96
-24,-1428,513,24,-1200.7021276595744,80.83333333333333,-112866,9700,9.27536916732788,214
-31,-1364,404,24,-266.9,32.50588235294118,-2669,2763,6.910092115402222,95
-31,-1364,404,24,-263.1,31.610526315789475,-2631,3003,8.081986904144287,105
-31,-1428,513,24,-1095.344827586207,71.19791666666667,-31765,6835,7.25391697883606,125
-31,-1428,513,24,-968.6363636363636,102.12068965517241,-31965,5923,7.678701162338257,91
-24,-1448,943,24,-1384.2498343273692,137.27624309392266,-2088833,24847,11.064496040344238,1690
-24,-1428,513,24,-496.9166666666667,46.271186440677965,-11926,5460,12.446449995040894,142
-24,-1428,513,24,-506.2083333333333,53.42857142857143,-12149,4488,11.302206993103027,108
-24,-1363,404,24,-203.68421052631578,31.775510204081634,-3870,3114,12.906925916671753,117
-12,-1428,513,24,-1387.8877043354655,111.13125,-1952758,17781,13.746188163757324,1567
-24,-1428,404,24,-450.42857142857144,48.60952380952381,-9459,5104,7.534305095672607,126
-24,-1428,513,24,-1070.888888888889,88.7984496124031,-125294,11455,12.113940000534058,246
-24,-1364,404,24,-213.23076923076923,35.891304347826086,-2772,3302,12.587002038955688,105
-24,-1428,1418,18,-1362.86834887548,275.83168316831683,-2484509,55718,7.071410894393921,2025
-24,-1428,513,24,-1165.025641025641,108.43795620437956,-227180,14856,10.225569009780884,332
-24,-1428,513,24,-1309.2493368700266,112.69291338582677,-493587,14312,7.294143915176392,504
-24,-1428,513,24,-633.7272727272727,62.4375,-20913,5994,12.277274131774902,129
-24,-1428,513,24,-1386.7992932862192,112.77011494252874,-1962321,19622,16.100822925567627,1589
-24,-1428,513,24,-1279.792531120332,112.97419354838709,-308430,17511,12.71438193321228,396
-24,-1364,404,24,-384.9166666666667,38.13725490196079,-4619,3890,12.796963930130005,114
-24,-1364,404,24,-199.9047619047619,36.351063829787236,-4198,3417,12.252846002578735,115
-24,-1428,513,24,-1115.23178807947,113.69822485207101,-168400,19215,12.878283977508545,320
-24,-1428,513,24,-620.3333333333334,56.71052631578947,-20471,6465,12.030313968658447,147
-24,-1364,404,24,-175.2941176470588,30.846153846153847,-2980,3609,17.36951494216919,134
-24,-1364,404,24,-239.46153846153845,31.055555555555557,-3113,3354,13.692094087600708,121
-19,-1448,943,24,-1387.260248447205,138.97633136094674,-2233489,23487,10.986142873764038,1779
-24,-1448,513,24,-1379.6531835205992,150.61494252873564,-1841837,26207,13.16241192817688,1509
-24,-1428,404,24,-540.9411764705883,45.16279069767442,-9196,3884,9.327763080596924,103
-24,-1448,513,24,-531.2222222222222,69.44166666666666,-23905,8333,12.427158117294312,165
-24,-1428,513,24,-1383.7910552061496,102.72727272727273,-1980205,21470,17.725597143173218,1640
-24,-1448,943,24,-1384.6245733788396,128.31034482758622,-2028475,22326,16.089826107025146,1639
-24,-1428,513,24,-759.5961538461538,68.4962962962963,-39499,9247,12.938929080963135,187
-24,-1428,513,24,-349.17391304347825,41.705263157894734,-8031,3962,12.35679006576538,118
-24,-1428,1418,18,-1379.3835678620064,280.1868686868687,-3038782,55477,9.13252592086792,2401
-24,-1428,513,24,-1078.8046875,107.15,-138087,12858,8.026780128479004,248
-24,-1448,943,24,-1388.466392318244,130.9268292682927,-2024384,21472,12.260838031768799,1622
-24,-1428,513,24,-1067.96261682243,79.88976377952756,-114272,10146,11.960691928863525,234
-24,-1428,513,24,-1026.112676056338,81.94594594594595,-72854,9096,10.520004987716675,182
-24,-1428,513,24,-643.1724137931035,65.23076923076923,-37304,8480,17.258704900741577,188
-24,-1428,513,24,-642.2105263157895,51.89795918367347,-12202,5086,13.54756784439087,117
-24,-1428,513,24,-398.95,37.52066115702479,-7979,4540,16.859619855880737,141
-24,-1428,513,24,-1124.0425531914893,112.82068965517242,-211320,16359,17.667703866958618,333
-24,-1428,513,24,-1381.36875,117.35323383084577,-1989171,23588,16.990582942962646,1641
-23,-1448,513,24,-1078.4751773049645,103.82170542635659,-152065,13393,12.614192962646484,270
-24,-1448,513,24,-1335.4635083226633,143.6818181818182,-2085994,28449,14.97655987739563,1760
-24,-1428,513,24,-1385.2510638297872,107.11702127659575,-1953204,20138,16.621296882629395,1598
-24,-1448,543,24,-1093.6821705426357,99.25827814569537,-141085,14988,15.996687173843384,280
-24,-1428,404,24,-329.93939393939394,53.12,-10888,5312,13.015485048294067,133
-24,-1448,543,24,-1358.905490549055,125.9,-1509744,20144,11.913112878799438,1271
-24,-1428,513,24,-970.2285714285714,72.72727272727273,-33958,8000,12.85027003288269,145
-24,-1428,513,24,-1132.0380952380951,97.7304347826087,-118864,11239,11.039895057678223,220
-24,-1428,513,24,-1362.9374325782094,112.87349397590361,-1263443,18737,13.24101209640503,1093
-24,-1428,646,24,-726.5961538461538,93.5377358490566,-37783,9915,12.233611822128296,158
-24,-1448,943,24,-1382.8777173913043,151.0691823899371,-2035596,24020,12.24032998085022,1631
-24,-1364,404,24,-149.38095238095238,35.63157894736842,-3137,3385,12.480361938476562,116
-24,-1428,513,24,-1374.1096551724138,125.82165605095541,-1992459,19754,10.666997909545898,1607
-24,-1428,513,24,-640.5,51.5360824742268,-17934,4999,14.853515148162842,125
-24,-1418,513,24,-1307.3192182410423,52.8921568627451,-401347,5395,7.9854230880737305,409
-24,-1364,404,24,-228.91666666666666,32.20224719101124,-2747,2866,12.21366810798645,101
-24,-1428,1418,18,-1345.706572769953,240.30263157894737,-2293084,54789,12.47230315208435,1932
-24,-1428,513,24,-789.2941176470588,63.24576271186441,-26836,7463,12.28921914100647,152
-24,-1428,513,24,-894.2333333333333,93.95798319327731,-53654,11181,9.359986066818237,179
-24,-1448,943,24,-1387.022602739726,147.52083333333334,-2025053,21243,10.607659816741943,1604
-24,-1448,943,24,-1386.6801369863015,113.59375,-2024553,21810,17.067009925842285,1652
-24,-1364,404,24,-264.7,33.98701298701299,-2647,2617,6.831329107284546,87
-24,-1363,404,24,-384.8333333333333,39.56382978723404,-4618,3719,12.266988039016724,106
-24,-1428,513,24,-368.45,40.26732673267327,-7369,4067,15.969282150268555,121
-23,-1428,513,24,-1134.0333333333333,90.11805555555556,-136084,12977,11.642352104187012,264
-24,-1363,404,24,-299.3,34.24390243902439,-2993,2808,12.986901044845581,92
-24,-1428,513,24,-769.6849315068494,90.78260869565217,-56187,14616,21.270305156707764,234
-24,-1428,1418,18,-1361.6050364479788,273.5808080808081,-2054662,54169,15.172871112823486,1707
-24,-1448,404,24,-427.72727272727275,42.27619047619048,-9410,4439,16.242780208587646,127
-24,-1448,513,24,-851.8775510204082,81.54867256637168,-41742,9215,14.58592700958252,162
-24,-1428,1418,18,-1385.014615134784,229.70498084291188,-4264460,59953,22.015485048294067,3340
-24,-1364,404,24,-229.25,32.86046511627907,-2751,2826,12.240339994430542,98
-24,-1448,943,24,-1371.979515828678,154.63451776649745,-2210259,30463,15.298118114471436,1808
-24,-1428,513,24,-935.5822784810126,108.0223880597015,-73911,14475,12.687275886535645,213
-24,-1428,513,24,-1390.2882818116464,104.68354430379746,-1933891,16540,12.439297914505005,1549
-24,-1428,513,24,-1391.0420227920229,120.30985915492958,-1953023,17084,12.373219013214111,1546
-24,-1428,513,24,-1398.3066476054325,108.74418604651163,-1956231,18704,12.523245096206665,1571
-24,-1428,513,24,-1110.4112903225807,101.21897810218978,-137691,13867,12.279047966003418,261
-24,-1364,404,24,-228.23076923076923,33.18072289156626,-2967,2754,9.990522861480713,96
-24,-1448,943,24,-1386.0798090040928,119.46031746031746,-2031993,22578,13.291413068771362,1655
-24,-1428,513,24,-906.0566037735849,87.11904761904762,-48021,10977,12.248569965362549,179
-24,-1363,404,24,-416.2307692307692,38.88,-5411,3888,12.133459091186523,113
-24,-1428,513,24,-882.9756097560976,71.60909090909091,-36202,7877,12.204158067703247,151
-24,-1363,404,24,-286.3333333333333,31.76595744680851,-2577,2986,12.53377389907837,103
-24,-1363,404,24,-322.4,40.1978021978022,-4836,3658,12.213528871536255,106
-24,-1428,513,24,-1391.1566265060242,114.46987951807229,-1962922,19002,11.79923391342163,1577
-24,-1428,513,24,-420.6896551724138,42.21621621621622,-12200,4686,12.59861421585083,140
-24,-1428,513,24,-832.8695652173913,76.35135135135135,-38312,8475,12.240208864212036,157
-24,-1364,404,24,-418.5,46.67901234567901,-5859,3781,12.186713933944702,95
-24,-1364,404,24,-195.66666666666666,35.44,-2935,3544,12.213490009307861,115
-24,-1428,513,24,-864.6216216216217,64.86607142857143,-31991,7265,13.213468074798584,149
-24,-1364,404,24,-417.09090909090907,38.88,-4588,3888,13.280282020568848,111
-24,-1428,513,24,-1033.2344827586207,100.80254777070064,-149819,15826,12.450119972229004,302
-24,-1428,513,24,-786.775,74.52941176470588,-31471,7602,12.099632978439331,142
-24,-1364,404,24,-209.6,31.173553719008265,-3144,3772,14.905042886734009,136
-24,-1428,404,24,-403.5833333333333,45.84848484848485,-9686,4539,10.194048881530762,123
-24,-1364,404,24,-246.36363636363637,30.74561403508772,-2710,3505,13.38548493385315,125
-24,-1428,513,24,-1357.4823091247672,108.51470588235294,-728968,14758,12.588757038116455,673
-31,-1364,404,24,-192.55555555555554,36.25555555555555,-3466,3263,12.186729192733765,108
-24,-1364,404,24,-197.5,35.714285714285715,-2765,3250,11.973539113998413,105
-24,-1428,513,24,-826.3617021276596,83.25217391304348,-38839,9574,12.132548809051514,162
-24,-1363,404,24,-164.9,38.11864406779661,-3298,2249,12.178395986557007,79
